Frame,Distance,Obj1_Dir_X,Obj1_Dir_Y,Obj1_Dir_Z,Obj2_Dir_X,Obj2_Dir_Y,Obj2_Dir_Z,Mode,Room
1,4.000312,0,0,0,0,0,0,0,1
2,4.326951,0,-1,0,0,0,0,0,1
3,4.336545,0,0,0,0,1,0,0,1
4,4.336545,0,0,0,0,0,0,0,1
5,4.336545,0,0,0,0,0,0,0,1
6,4.336545,0,0,0,0,0,0,0,1
7,4.326951,0,1,0,0,0,0,0,1
8,4.326951,0,0,0,0,0,0,0,1
9,4.326951,0,0,0,0,0,0,0,1
10,4.326951,0,0,0,0,0,0,0,1
11,4.326951,0,0,0,0,0,0,0,1
12,4.326951,0,0,0,0,0,0,0,1
13,4.326951,0,0,0,0,0,0,0,1
14,4.326951,0,0,0,0,0,0,0,1
15,4.326951,0,0,0,0,0,0,0,1
16,4.326951,0,0,0,0,0,0,0,1
17,4.326951,0,0,0,0,0,0,0,1
18,4.326951,0,0,0,0,0,0,0,1
19,4.326951,0,0,0,0,0,0,0,1
20,4.326951,0,0,0,0,0,0,0,1
21,4.326951,0,0,0,0,0,0,0,1
22,4.326951,0,0,0,0,0,0,0,1
23,4.326951,0,0,0,0,0,0,0,1
24,4.326951,0,0,0,0,0,0,0,1
25,4.326951,0,0,0,0,0,0,0,1
26,4.326951,0,0,0,0,0,0,0,1
27,4.326951,0,0,0,0,0,0,0,1
28,4.326951,0,0,0,0,0,0,0,1
29,4.326951,0,0,0,0,0,0,0,1
30,4.326951,0,0,0,0,0,0,0,1
31,4.326951,0,0,0,0,0,0,0,1
32,4.326951,0,0,0,0,0,0,0,1
33,4.326951,0,0,0,0,0,0,0,1
34,4.326951,0,0,0,0,0,0,0,1
35,4.326951,0,0,0,0,0,0,0,1
36,4.326951,0,0,0,0,0,0,0,1
37,4.326951,0,0,0,0,0,0,0,1
38,4.326951,0,0,0,0,0,0,0,1
39,4.326951,0,0,0,0,0,0,0,1
40,4.326951,0,0,0,0,0,0,0,1
41,4.326951,0,0,0,0,0,0,0,1
42,4.326951,0,0,0,0,0,0,0,1
43,4.326951,0,0,0,0,0,0,0,1
44,4.326951,0,0,0,0,0,0,0,1
45,4.326951,0,0,0,0,0,0,0,1
46,4.326951,0,0,0,0,0,0,0,1
47,4.326951,0,0,0,0,0,0,0,1
48,4.326951,0,0,0,0,0,0,0,1
49,4.326951,0,0,0,0,0,0,0,1
50,4.326951,0,0,0,0,0,0,0,1
51,4.326951,0,0,0,0,0,0,0,1
52,4.326951,0,0,0,0,0,0,0,1
53,4.326951,0,0,0,0,0,0,0,1
54,4.326951,0,0,0,0,0,0,0,1
55,4.326951,0,0,0,0,0,0,0,1
56,4.326951,0,0,0,0,0,0,0,1
57,4.326951,0,0,0,0,0,0,0,1
58,4.326951,0,0,0,0,0,0,0,1
59,4.326951,0,0,0,0,0,0,0,1
60,4.326951,0,0,0,0,0,0,0,1
61,4.326951,0,0,0,0,0,0,0,1
62,4.326951,0,0,0,0,0,0,0,1
63,4.326951,0,0,0,0,0,0,0,1
64,4.326951,0,0,0,0,0,0,0,1
65,4.326951,0,0,0,0,0,0,0,1
66,4.326951,0,0,0,0,0,0,0,1
67,4.326951,0,0,0,0,0,0,0,1
68,4.326951,0,0,0,0,0,0,0,1
69,4.326951,0,0,0,0,0,0,0,1
70,4.326951,0,0,0,0,0,0,0,1
71,4.326951,0,0,0,0,0,0,0,1
72,4.326951,0,0,0,0,0,0,0,1
73,4.326951,0,0,0,0,0,0,0,1
74,4.326951,0,0,0,0,0,0,0,1
75,4.326951,0,0,0,0,0,0,0,1
76,4.326951,0,0,0,0,0,0,0,1
77,4.326951,0,0,0,0,0,0,0,1
78,4.326951,0,0,0,0,0,0,0,1
79,4.326951,0,0,0,0,0,0,0,1
80,4.326951,0,0,0,0,0,0,0,1
81,4.326951,0,0,0,0,0,0,0,1
82,4.326951,0,0,0,0,0,0,0,1
83,4.326951,0,0,0,0,0,0,0,1
84,4.326951,0,0,0,0,0,0,0,1
85,4.326951,0,0,0,0,0,0,0,1
86,4.326951,0,0,0,0,0,0,0,1
87,4.326951,0,0,0,0,0,0,0,1
88,4.326951,0,0,0,0,0,0,0,1
89,4.326951,0,0,0,0,0,0,0,1
90,4.326951,0,0,0,0,0,0,0,1
91,4.326951,0,0,0,0,0,0,0,1
92,4.326951,0,0,0,0,0,0,0,1
93,4.326951,0,0,0,0,0,0,0,1
94,4.326951,0,0,0,0,0,0,0,1
95,4.326951,0,0,0,0,0,0,0,1
96,4.326951,0,0,0,0,0,0,0,1
97,4.326951,0,0,0,0,0,0,0,1
98,4.326951,0,0,0,0,0,0,0,1
99,4.326951,0,0,0,0,0,0,0,1
100,4.326951,0,0,0,0,0,0,0,1
101,4.326951,0,0,0,0,0,0,0,1
102,4.326951,0,0,0,0,0,0,0,1
103,4.326951,0,0,0,0,0,0,0,1
104,4.326951,0,0,0,0,0,0,0,1
105,4.326951,0,0,0,0,0,0,0,1
106,4.326951,0,0,0,0,0,0,0,1
107,4.326951,0,0,0,0,0,0,0,1
108,4.326951,0,0,0,0,0,0,0,1
109,4.326951,0,0,0,0,0,0,0,1
110,4.326951,0,0,0,0,0,0,0,1
111,4.326951,0,0,0,0,0,0,0,1
112,4.326951,0,0,0,0,0,0,0,1
113,4.326951,0,0,0,0,0,0,0,1
114,4.326951,0,0,0,0,0,0,0,1
115,4.326951,0,0,0,0,0,0,0,1
116,4.326951,0,0,0,0,0,0,0,1
117,4.326951,0,0,0,0,0,0,0,1
118,4.326951,0,0,0,0,0,0,0,1
119,4.326951,0,0,0,0,0,0,0,1
120,4.326951,0,0,0,0,0,0,0,1
121,4.326951,0,0,0,0,0,0,0,1
122,4.326951,0,0,0,0,0,0,0,1
123,4.326951,0,0,0,0,0,0,0,1
124,4.326951,0,0,0,0,0,0,0,1
125,4.326951,0,0,0,0,0,0,0,1
126,4.326951,0,0,0,0,0,0,0,1
127,4.326951,0,0,0,0,0,0,0,1
128,4.326951,0,0,0,0,0,0,0,1
129,4.326951,0,0,0,0,0,0,0,1
130,4.326951,0,0,0,0,0,0,0,1
131,4.326951,0,0,0,0,0,0,0,1
132,4.326951,0,0,0,0,0,0,0,1
133,4.326951,0,0,0,0,0,0,0,1
134,4.326951,0,0,0,0,0,0,0,1
135,4.326951,0,0,0,0,0,0,0,1
136,4.326951,0,0,0,0,0,0,0,1
137,4.326951,0,0,0,0,0,0,0,1
138,4.326951,0,0,0,0,0,0,0,1
139,4.326951,0,0,0,0,0,0,0,1
140,4.326951,0,0,0,0,0,0,0,1
141,4.326951,0,0,0,0,0,0,0,1
142,4.326951,0,0,0,0,0,0,0,1
143,4.326951,0,0,0,0,0,0,0,1
144,4.326951,0,0,0,0,0,0,0,1
145,4.326951,0,0,0,0,0,0,0,1
146,4.326951,0,0,0,0,0,0,0,1
147,4.326951,0,0,0,0,0,0,0,1
148,4.326951,0,0,0,0,0,0,0,1
149,4.326951,0,0,0,0,0,0,0,1
150,4.326951,0,0,0,0,0,0,0,1
151,4.326951,0,0,0,0,0,0,0,1
152,4.326951,0,0,0,0,0,0,0,1
153,4.326951,0,0,0,0,0,0,0,1
154,4.326951,0,0,0,0,0,0,0,1
155,4.326951,0,0,0,0,0,0,0,1
156,4.326951,0,0,0,0,0,0,0,1
157,4.326951,0,0,0,0,0,0,0,1
158,4.326951,0,0,0,0,0,0,0,1
159,4.326951,0,0,0,0,0,0,0,1
160,4.326951,0,0,0,0,0,0,0,1
161,4.326951,0,0,0,0,0,0,0,1
162,4.326951,0,0,0,0,0,0,0,1
163,4.326951,0,0,0,0,0,0,0,1
164,4.326951,0,0,0,0,0,0,0,1
165,4.326951,0,0,0,0,0,0,0,1
166,4.326951,0,0,0,0,0,0,0,1
167,4.326951,0,0,0,0,0,0,0,1
168,4.326951,0,0,0,0,0,0,0,1
169,4.326951,0,0,0,0,0,0,0,1
170,4.326951,0,0,0,0,0,0,0,1
171,4.326951,0,0,0,0,0,0,0,1
172,4.326951,0,0,0,0,0,0,0,1
173,4.326951,0,0,0,0,0,0,0,1
174,4.326951,0,0,0,0,0,0,0,1
175,4.326951,0,0,0,0,0,0,0,1
176,4.326951,0,0,0,0,0,0,0,1
177,4.326951,0,0,0,0,0,0,0,1
178,4.326951,0,0,0,0,0,0,0,1
179,4.326951,0,0,0,0,0,0,0,1
180,4.326951,0,0,0,0,0,0,0,1
181,4.326951,0,0,0,0,0,0,0,1
182,4.326951,0,0,0,0,0,0,0,1
183,4.326951,0,0,0,0,0,0,0,1
184,4.326951,0,0,0,0,0,0,0,1
185,4.326951,0,0,0,0,0,0,0,1
186,4.326951,0,0,0,0,0,0,0,1
187,4.326951,0,0,0,0,0,0,0,1
188,4.326951,0,0,0,0,0,0,0,1
189,4.326951,0,0,0,0,0,0,0,1
190,4.326951,0,0,0,0,0,0,0,1
191,4.326951,0,0,0,0,0,0,0,1
192,4.326951,0,0,0,0,0,0,0,1
193,4.326951,0,0,0,0,0,0,0,1
194,4.326951,0,0,0,0,0,0,0,1
195,4.326951,0,0,0,0,0,0,0,1
196,4.326951,0,0,0,0,0,0,0,1
197,4.326951,0,0,0,0,0,0,0,1
198,4.326951,0,0,0,0,0,0,0,1
199,4.326951,0,0,0,0,0,0,0,1
200,4.326951,0,0,0,0,0,0,0,1
201,4.326951,0,0,0,0,0,0,0,1
202,4.326951,0,0,0,0,0,0,0,1
203,4.326951,0,0,0,0,0,0,0,1
204,4.326951,0,0,0,0,0,0,0,1
205,4.326951,0,0,0,0,0,0,0,1
206,4.326951,0,0,0,0,0,0,0,1
207,4.326951,0,0,0,0,0,0,0,1
208,4.326951,0,0,0,0,0,0,0,1
209,4.326951,0,0,0,0,0,0,0,1
210,4.326951,0,0,0,0,0,0,0,1
211,4.326951,0,0,0,0,0,0,0,1
212,4.326951,0,0,0,0,0,0,0,1
213,4.326951,0,0,0,0,0,0,0,1
214,4.326951,0,0,0,0,0,0,0,1
215,4.326951,0,0,0,0,0,0,0,1
216,4.326951,0,0,0,0,0,0,0,1
217,4.326951,0,0,0,0,0,0,0,1
218,4.326951,0,0,0,0,0,0,0,1
219,4.326951,0,0,0,0,0,0,0,1
220,4.326951,0,0,0,0,0,0,0,1
221,4.326951,0,0,0,0,0,0,0,1
222,4.326951,0,0,0,0,0,0,0,1
223,4.326951,0,0,0,0,0,0,0,1
224,4.326951,0,0,0,0,0,0,0,1
225,4.326951,0,0,0,0,0,0,0,1
226,4.326951,0,0,0,0,0,0,0,1
227,4.326951,0,0,0,0,0,0,0,1
228,4.326951,0,0,0,0,0,0,0,1
229,4.326951,0,0,0,0,0,0,0,1
230,4.326951,0,0,0,0,0,0,0,1
231,4.326951,0,0,0,0,0,0,0,1
232,4.326951,0,0,0,0,0,0,0,1
233,4.326951,0,0,0,0,0,0,0,1
234,4.326951,0,0,0,0,0,0,0,1
235,4.326951,0,0,0,0,0,0,0,1
236,4.326951,0,0,0,0,0,0,0,1
237,4.326951,0,0,0,0,0,0,0,1
238,4.326951,0,0,0,0,0,0,0,1
239,4.326951,0,0,0,0,0,0,0,1
240,4.326951,0,0,0,0,0,0,0,1
241,4.326951,0,0,0,0,0,0,0,1
242,4.326951,0,0,0,0,0,0,0,1
243,4.326951,0,0,0,0,0,0,0,1
244,4.326951,0,0,0,0,0,0,0,1
245,4.326951,0,0,0,0,0,0,0,1
246,4.326951,0,0,0,0,0,0,0,1
247,4.326951,0,0,0,0,0,0,0,1
248,4.326951,0,0,0,0,0,0,0,1
249,4.326951,0,0,0,0,0,0,0,1
250,4.326951,0,0,0,0,0,0,0,1
251,4.326951,0,0,0,0,0,0,0,1
252,4.326951,0,0,0,0,0,0,0,1
253,4.326951,0,0,0,0,0,0,0,1
254,4.326951,0,0,0,0,0,0,0,1
255,4.326951,0,0,0,0,0,0,0,1
256,4.326951,0,0,0,0,0,0,0,1
257,4.326951,0,0,0,0,0,0,0,1
258,4.326951,0,0,0,0,0,0,0,1
259,4.326951,0,0,0,0,0,0,0,1
260,4.326951,0,0,0,0,0,0,0,1
261,4.326951,0,0,0,0,0,0,0,1
262,4.326951,0,0,0,0,0,0,0,1
263,4.326951,0,0,0,0,0,0,0,1
264,4.326951,0,0,0,0,0,0,0,1
265,4.326951,0,0,0,0,0,0,0,1
266,4.326951,0,0,0,0,0,0,0,1
267,4.326951,0,0,0,0,0,0,0,1
268,4.326951,0,0,0,0,0,0,0,1
269,4.326951,0,0,0,0,0,0,0,1
270,4.326951,0,0,0,0,0,0,0,1
271,4.326951,0,0,0,0,0,0,0,1
272,4.326951,0,0,0,0,0,0,0,1
273,4.326951,0,0,0,0,0,0,0,1
274,4.326951,0,0,0,0,0,0,0,1
275,4.326951,0,0,0,0,0,0,0,1
276,4.326951,0,0,0,0,0,0,0,1
277,4.326951,0,0,0,0,0,0,0,1
278,4.326951,0,0,0,0,0,0,0,1
279,4.326951,0,0,0,0,0,0,0,1
280,4.326951,0,0,0,0,0,0,0,1
281,4.326951,0,0,0,0,0,0,0,1
282,4.326951,0,0,0,0,0,0,0,1
283,4.326951,0,0,0,0,0,0,0,1
284,4.326951,0,0,0,0,0,0,0,1
285,4.326951,0,0,0,0,0,0,0,1
286,4.326951,0,0,0,0,0,0,0,1
287,4.326951,0,0,0,0,0,0,0,1
288,4.326951,0,0,0,0,0,0,0,1
289,4.326951,0,0,0,0,0,0,0,1
290,4.326951,0,0,0,0,0,0,0,1
291,4.326951,0,0,0,0,0,0,0,1
292,4.326951,0,0,0,0,0,0,0,1
293,4.326951,0,0,0,0,0,0,0,1
294,4.326951,0,0,0,0,0,0,0,1
295,4.326951,0,0,0,0,0,0,0,1
296,4.326951,0,0,0,0,0,0,0,1
297,4.326951,0,0,0,0,0,0,0,1
298,4.326951,0,0,0,0,0,0,0,1
299,4.326951,0,0,0,0,0,0,0,1
300,4.326951,0,0,0,0,0,0,0,1
301,4.326951,0,0,0,0,0,0,0,1
302,4.326951,0,0,0,0,0,0,0,1
303,4.326951,0,0,0,0,0,0,0,1
304,4.326951,0,0,0,0,0,0,0,1
305,4.326951,0,0,0,0,0,0,0,1
306,4.326951,0,0,0,0,0,0,0,1
307,4.326951,0,0,0,0,0,0,0,1
308,4.326951,0,0,0,0,0,0,0,1
309,4.326951,0,0,0,0,0,0,0,1
310,4.326951,0,0,0,0,0,0,0,1
311,4.326951,0,0,0,0,0,0,0,1
312,4.326951,0,0,0,0,0,0,0,1
313,4.326951,0,0,0,0,0,0,0,1
314,4.326951,0,0,0,0,0,0,0,1
315,4.326951,0,0,0,0,0,0,0,1
316,4.326951,0,0,0,0,0,0,0,1
317,4.326951,0,0,0,0,0,0,0,1
318,4.326951,0,0,0,0,0,0,0,1
319,4.326951,0,0,0,0,0,0,0,1
320,4.326951,0,0,0,0,0,0,0,1
321,4.326951,0,0,0,0,0,0,0,1
322,4.326951,0,0,0,0,0,0,0,1
323,4.326951,0,0,0,0,0,0,0,1
324,4.326951,0,0,0,0,0,0,0,1
325,4.326951,0,0,0,0,0,0,0,1
326,4.326951,0,0,0,0,0,0,0,1
327,4.326951,0,0,0,0,0,0,0,1
328,4.326951,0,0,0,0,0,0,0,1
329,4.326951,0,0,0,0,0,0,0,1
330,4.326951,0,0,0,0,0,0,0,1
331,4.326951,0,0,0,0,0,0,0,1
332,4.326951,0,0,0,0,0,0,0,1
333,4.326951,0,0,0,0,0,0,0,1
334,4.326951,0,0,0,0,0,0,0,1
335,4.326951,0,0,0,0,0,0,0,1
336,4.326951,0,0,0,0,0,0,0,1
337,4.326951,0,0,0,0,0,0,0,1
338,4.326951,0,0,0,0,0,0,0,1
339,4.326951,0,0,0,0,0,0,0,1
340,4.326951,0,0,0,0,0,0,0,1
341,4.322405,0,0,0,0.1261828,0,0.992007,0,1
342,4.319674,0,0,0,0.1219754,0,0.9925331,0,1
343,4.317046,0,0,0,0.1193102,0,0.992857,0,1
344,4.314848,0,0,0,0.1176858,0,0.9930509,0,1
345,4.312371,0,0,0,0.1166748,0,0.9931702,0,1
346,4.310338,0,0,0,0.1147921,0,0.9933895,0,1
347,4.308513,0,0,0,0.1147923,0,0.9933895,0,1
348,4.306813,0,0,0,0.1137762,0,0.9935064,0,1
349,4.305387,0,0,0,0.1156945,0,0.9932848,0,1
350,4.304104,0,0,0,0.1176494,0,0.9930552,0,1
351,4.302841,0,0,0,0.1237025,0,0.9923193,0,1
352,4.301803,0,0,0,0.1273779,0,0.9918543,0,1
353,4.300799,0,0,0,0.1313204,0,0.99134,0,1
354,4.299878,0,0,0,0.137888,0,0.9904478,0,1
355,4.299133,0,0,0,0.1397225,0,0.9901907,0,1
356,4.298485,0,0,0,0.1426272,0,0.9897765,0,1
357,4.298028,0,0,0,0.1436182,0,0.9896331,0,1
358,4.297788,0,0,0,0.1445706,0,0.9894944,0,1
359,4.297743,0,0,0,0.1455274,0,0.9893543,0,1
360,4.297896,0,0,0,0.1464941,0,0.9892116,0,1
361,4.298182,0,0,0,0.1505933,0,0.9885958,0,1
362,4.298592,0,0,0,0.1534269,0,0.98816,0,1
363,4.299147,0,0,0,0.1552648,0,0.9878729,0,1
364,4.299847,0,0,0,0.1580628,0,0.987429,0,1
365,4.300828,0,0,0,0.1580642,0,0.9874288,0,1
366,4.301974,0,0,0,0.1580627,0,0.9874291,0,1
367,4.303364,0,0,0,0.1590378,0,0.9872725,0,1
368,4.304963,0,0,0,0.1590362,0,0.9872727,0,1
369,4.306744,0,0,0,0.1609731,0,0.9869589,0,1
370,4.308705,0,0,0,0.1619267,0,0.9868028,0,1
371,4.310753,0,0,0,0.1628399,0,0.9866525,0,1
372,4.313181,0,0,0,0.1648426,0,0.9863199,0,1
373,4.315754,0,0,0,0.1648428,0,0.9863198,0,1
374,4.318281,0,0,0,0.1666299,0,0.9860195,0,1
375,4.321389,0,0,0,0.1676481,0,0.9858469,0,1
376,4.324332,0,0,0,0.1713679,0,0.9852071,0,1
377,4.327233,0,0,0,0.1817352,0,0.9833475,0,1
378,4.330053,0,0,0,0.1900299,0,0.9817783,0,1
379,4.332829,0,0,0,0.2070053,0,0.9783399,0,1
380,4.335321,0,0,0,0.2141233,0,0.9768066,0,1
381,4.338015,0,0,0,0.2207942,0,0.9753204,0,1
382,4.340663,0,0,0,0.2314384,0,0.9728495,0,1
383,4.343466,0,0,0,0.2374481,0,0.9714002,0,1
384,4.346056,0,0,0,0.2479061,0,0.968784,0,1
385,4.348627,0,0,0,0.2524694,0,0.9676049,0,1
386,4.351426,0,0,0,0.2583223,0,0.9660588,0,1
387,4.353837,0,0,0,0.2677486,0,0.9634888,0,1
388,4.356572,0,0,0,0.273489,0,0.9618751,0,1
389,4.359576,0,0,0,0.2819069,0,0.9594417,0,1
390,4.362241,0,0,0,0.2845524,0,0.9586605,0,1
391,4.364983,0,0,0,0.2862745,0,0.9581476,0,1
392,4.368019,0,0,0,0.289015,0,0.9573246,0,1
393,4.371719,0,0,0,0.2911184,0,0.9566871,0,1
394,4.374762,0,0,0,0.2919337,0,0.9564386,0,1
395,4.378392,0,0,0,0.2928635,0,0.9561542,0,1
396,4.382586,0,0,0,0.293878,0,0.9558429,0,1
397,4.386349,0,0,0,0.2947369,0,0.9555784,0,1
398,4.390457,0,0,0,0.2965644,0,0.9550129,0,1
399,4.395159,0,0,0,0.29857,0,0.9543877,0,1
400,4.399428,0,0,0,0.3067838,0,0.9517792,0,1
401,4.403512,0,0,0,0.3110685,0,0.9503875,0,1
402,4.408279,0,0,0,0.321236,0,0.9469991,0,1
403,4.412357,0,0,0,0.3263656,0,0.9452436,0,1
404,4.41716,0,0,0,0.3302957,0,0.9438775,0,1
405,4.421469,0,0,0,0.3382526,0,0.9410554,0,1
406,4.425699,0,0,0,0.3416497,0,0.9398273,0,1
407,4.431145,0,0,0,0.3481353,0,0.9374443,0,1
408,4.435156,0,0,0,0.3496684,0,0.9368736,0,1
409,4.43975,0,0,0,0.3513702,0,0.9362366,0,1
410,4.445345,0,0,0,0.3533888,0,0.9354766,0,1
411,4.449898,0,0,0,0.3533914,0,0.9354755,0,1
412,4.455621,0,0,0,0.3543373,0,0.9351177,0,1
413,4.461783,0,0,0,0.3553398,0,0.9347371,0,1
414,4.466932,0,0,0,0.3553364,0,0.9347385,0,1
415,4.472867,0,0,0,0.3553356,0,0.9347388,0,1
416,4.479231,0,0,0,0.3562635,0,0.9343856,0,1
417,4.485953,0,0,0,0.3562642,0,0.9343852,0,1
418,4.492207,0,0,0,0.3562647,0,0.9343851,0,1
419,4.499323,0,0,0,0.3562658,0,0.9343846,0,1
420,4.506608,0,0,0,0.3562605,0,0.9343866,0,1
421,4.513579,0,0,0,0.3562652,0,0.9343849,0,1
422,4.520543,0,0,0,0.3562682,0,0.9343837,0,1
423,4.529062,0,0,0,0.3572785,0,0.9339979,0,1
424,4.536167,0,0,0,0.3572773,0,0.9339984,0,1
425,4.519353,0,0,0,0.9135415,0,0.4067455,0,1
426,4.507656,0,0,0,0.9135445,0,0.4067388,0,1
427,4.493661,0,0,0,0.9139456,0,0.4058369,0,1
428,4.481216,0,0,0,0.9139404,0,0.4058485,0,1
429,4.467624,0,0,0,0.9139448,0,0.4058384,0,1
430,4.454524,0,0,0,0.9139435,0,0.4058413,0,1
431,4.441584,0,0,0,0.9139479,0,0.4058316,0,1
432,4.428579,0,0,0,0.9139391,0,0.4058515,0,1
433,4.415994,0,0,0,0.9139453,0,0.4058375,0,1
434,4.403491,0,0,0,0.9139442,0,0.4058399,0,1
435,4.414859,0,0,0,0.3592844,0,0.9332281,0,1
436,4.423694,0,0,0,0.3592817,0,0.9332291,0,1
437,4.433398,0,0,0,0.3592864,0,0.9332273,0,1
438,4.443641,0,0,0,0.3592775,0,0.9332308,0,1
439,4.454212,0,0,0,0.3592864,0,0.9332273,0,1
440,4.465,0,0,0,0.3592835,0,0.9332284,0,1
441,4.476756,0,0,0,0.3573438,0,0.933973,0,1
442,4.487769,0,0,0,0.3546785,0,0.9349883,0,1
443,4.500108,0,0,0,0.3441587,0,0.9389115,0,1
444,4.511254,0,0,0,0.3382725,0,0.9410482,0,1
445,4.523859,0,0,0,0.3281512,0,0.9446252,0,1
446,4.537283,0,0,0,0.3067836,0,0.9517793,0,1
447,4.551865,0,0,0,0.2950478,0,0.9554825,0,1
448,4.565136,0,0,0,0.2829678,0,0.9591295,0,1
449,4.579971,0,0,0,0.2572755,0,0.9663381,0,1
450,4.595901,0,0,0,0.2419866,0,0.9702796,0,1
451,4.61225,0,0,0,0.2157237,0,0.9764544,0,1
452,4.629546,0,0,0,0.2040726,0,0.9789557,0,1
453,4.646801,0,0,0,0.1945747,0,0.9808877,0,1
454,4.66402,0,0,0,0.1788893,0,0.9838692,0,1
455,4.68253,0,0,0,0.1730147,0,0.9849193,0,1
456,4.701464,0,0,0,0.167094,0,0.985941,0,1
457,4.719543,0,0,0,0.1661577,0,0.9860992,0,1
458,4.738001,0,0,0,0.1652113,0,0.9862582,0,1
459,4.756952,0,0,0,0.1642444,0,0.9864196,0,1
460,4.775748,0,0,0,0.1632984,0,0.9865767,0,1
461,4.79494,0,0,0,0.1632947,0,0.9865774,0,1
462,4.814055,0,0,0,0.163296,0,0.9865771,0,1
463,4.833436,0,0,0,0.1632967,0,0.986577,0,1
464,4.852773,0,0,0,0.1632953,0,0.9865773,0,1
465,4.871345,0,0,0,0.1632966,0,0.986577,0,1
466,4.891111,0,0,0,0.163297,0,0.986577,0,1
467,4.911836,0,0,0,0.1642982,0,0.9864107,0,1
468,4.93165,0,0,0,0.1652532,0,0.9862512,0,1
469,4.951761,0,0,0,0.1671815,0,0.9859261,0,1
470,4.971533,0,0,0,0.1681226,0,0.9857661,0,1
471,4.992797,0,0,0,0.169136,0,0.9855927,0,1
472,5.011766,0,0,0,0.1700313,0,0.9854386,0,1
473,5.031159,0,0,0,0.170029,0,0.985439,0,1
474,5.05246,0,0,0,0.1710256,0,0.9852666,0,1
475,5.073373,0,0,0,0.1720022,0,0.9850966,0,1
476,5.09374,0,0,0,0.1720002,0,0.9850969,0,1
477,5.114444,0,0,0,0.1719993,0,0.9850971,0,1
478,5.135913,0,0,0,0.1729874,0,0.984924,0,1
479,5.155349,0,0,0,0.172989,0,0.9849237,0,1
480,5.178097,0,0,0,0.1729857,0,0.9849243,0,1
481,5.198275,0,0,0,0.1729857,0,0.9849243,0,1
482,5.221426,0,0,0,0.1729868,0,0.9849241,0,1
483,5.239749,0,0,0,0.1729853,0,0.9849244,0,1
484,5.261481,0,0,0,0.1729864,0,0.9849242,0,1
485,5.283748,0,0,0,0.1729878,0,0.984924,0,1
486,5.305506,0,0,0,0.17395,0,0.9847544,0,1
487,5.326507,0,0,0,0.1748737,0,0.9845909,0,1
488,5.348801,0,0,0,0.1748745,0,0.9845908,0,1
489,5.3718,0,0,0,0.1758807,0,0.9844114,0,1
490,5.391326,0,0,0,0.1758817,0,0.9844113,0,1
491,5.414516,0,0,0,0.1758817,0,0.9844112,0,1
492,5.436559,0,0,0,0.1768317,0,0.9842411,0,1
493,5.457811,0,0,0,0.1768351,0,0.9842405,0,1
494,5.480591,0,0,0,0.1768357,0,0.9842404,0,1
495,5.502432,0,0,0,0.1768338,0,0.9842407,0,1
496,5.525829,0,0,0,0.1768325,0,0.9842409,0,1
497,5.547622,0,0,0,0.1768359,0,0.9842404,0,1
498,5.569696,0,0,0,0.1768336,0,0.9842408,0,1
499,5.592537,0,0,0,0.1768346,0,0.9842406,0,1
500,5.615438,0,0,0,0.1768354,0,0.9842404,0,1
501,5.638405,0,0,0,0.1768318,0,0.9842411,0,1
502,5.662395,0,0,0,0.1768353,0,0.9842405,0,1
503,5.686131,0,0,0,0.1768345,0,0.9842407,0,1
504,5.706877,0,0,0,0.176832,0,0.9842411,0,1
505,5.730312,0,0,0,0.1768358,0,0.9842404,0,1
506,5.753213,0,0,0,0.1768354,0,0.9842404,0,1
507,5.776856,0,0,0,0.176832,0,0.9842411,0,1
508,5.800057,0,0,0,0.1768352,0,0.9842405,0,1
509,5.823428,0,0,0,0.1768324,0,0.984241,0,1
510,5.84864,0,0,0,0.1768363,0,0.9842402,0,1
511,5.87029,0,0,0,0.1768341,0,0.9842407,0,1
512,5.893906,0,0,0,0.1768346,0,0.9842406,0,1
513,5.918171,0,0,0,0.1768338,0,0.9842407,0,1
514,5.922766,0,0,0,0.821003,0,0.5709239,0,1
515,5.926418,0,0,0,0.8209948,0,0.5709357,0,1
516,5.930781,0,0,0,0.8210035,0,0.5709231,0,1
517,5.935469,0,0,0,0.8210145,0,0.5709072,0,1
518,5.939987,0,0,0,0.8209964,0,0.5709334,0,1
519,5.944848,0,0,0,0.8210003,0,0.5709279,0,1
520,5.949836,0,0,0,0.8210121,0,0.5709108,0,1
521,5.954985,0,0,0,0.8210036,0,0.570923,0,1
522,5.960319,0,0,0,0.8209996,0,0.5709287,0,1
523,5.965802,0,0,0,0.8210039,0,0.5709226,0,1
524,5.992083,0,0,0,0.1768365,0,0.9842402,0,1
525,6.015655,0,0,0,0.1768309,0,0.9842412,0,1
526,6.040164,0,0,0,0.1768339,0,0.9842407,0,1
527,6.06528,0,0,0,0.1768355,0,0.9842404,0,1
528,6.090348,0,0,0,0.1768317,0,0.9842411,0,1
529,6.11491,0,0,0,0.1768373,0,0.9842401,0,1
530,6.140393,0,0,0,0.1768357,0,0.9842404,0,1
531,6.16553,0,0,0,0.1768349,0,0.9842405,0,1
532,6.190543,0,0,0,0.1768294,0,0.9842415,0,1
533,6.215663,0,0,0,0.1768371,0,0.9842402,0,1
534,6.241265,0,0,0,0.1768328,0,0.9842409,0,1
535,6.266613,0,0,0,0.176837,0,0.9842401,0,1
536,6.291942,0,0,0,0.1768309,0,0.9842412,0,1
537,6.317446,0,0,0,0.176837,0,0.9842402,0,1
538,6.343989,0,0,0,0.1778277,0,0.9840616,0,1
539,6.369251,0,0,0,0.1778273,0,0.9840617,0,1
540,6.393915,0,0,0,0.1778257,0,0.984062,0,1
541,6.419687,0,0,0,0.1778294,0,0.9840613,0,1
542,6.44598,0,0,0,0.1778305,0,0.9840611,0,1
543,6.470978,0,0,0,0.1778277,0,0.9840617,0,1
544,6.496502,0,0,0,0.1778235,0,0.9840624,0,1
545,6.522702,0,0,0,0.1778315,0,0.9840609,0,1
546,6.548814,0,0,0,0.1778274,0,0.9840617,0,1
547,6.574406,0,0,0,0.1778294,0,0.9840614,0,1
548,6.600489,0,0,0,0.1778249,0,0.9840621,0,1
549,6.626702,0,0,0,0.1778316,0,0.9840609,0,1
550,6.652443,0,0,0,0.1778259,0,0.984062,0,1
551,6.679784,0,0,0,0.1778288,0,0.9840614,0,1
552,6.705241,0,0,0,0.1778245,0,0.9840622,0,1
553,6.732575,0,0,0,0.1768364,0,0.9842403,0,1
554,6.757915,0,0,0,0.1759089,0,0.9844064,0,1
555,6.78489,0,0,0,0.1749288,0,0.9845811,0,1
556,6.810998,0,0,0,0.1749362,0,0.9845797,0,1
557,6.837426,0,0,0,0.1739741,0,0.9847502,0,1
558,6.863794,0,0,0,0.1739765,0,0.9847498,0,1
559,6.890934,0,0,0,0.1739738,0,0.9847503,0,1
560,6.917103,0,0,0,0.1730367,0,0.9849154,0,1
561,6.942004,0,0,0,0.1730332,0,0.984916,0,1
562,6.97043,0,0,0,0.1730348,0,0.9849157,0,1
563,6.99538,0,0,0,0.1730314,0,0.9849163,0,1
564,7.024081,0,0,0,0.1730343,0,0.9849158,0,1
565,7.048976,0,0,0,0.1730361,0,0.9849155,0,1
566,7.075617,0,0,0,0.1730317,0,0.9849163,0,1
567,7.102653,0,0,0,0.1730338,0,0.9849159,0,1
568,7.129224,0,0,0,0.1730347,0,0.9849157,0,1
569,7.155947,0,0,0,0.1730366,0,0.9849154,0,1
570,7.18603,0,0,0,0.1730305,0,0.9849165,0,1
571,7.209949,0,0,0,0.1730344,0,0.9849158,0,1
572,7.239751,0,0,0,0.1719797,0,0.9851004,0,1
573,7.263475,0,0,0,0.1719795,0,0.9851006,0,1
574,7.292655,0,0,0,0.1709476,0,0.9852802,0,1
575,7.319257,0,0,0,0.1653311,0,0.9862381,0,1
576,7.3469,0,0,0,0.1614499,0,0.9868809,0,1
577,7.374223,0,0,0,0.1509512,0,0.9885412,0,1
578,7.400221,0,0,0,0.1446071,0,0.9894891,0,1
579,7.431273,0,0,0,-0.6050633,0,0.7961773,0,1
580,7.45742,0,0,0,-0.617137,0,0.7868558,0,1
581,7.488717,0,0,0,-0.6238988,0,0.7815052,0,1
582,7.514176,0,0,0,-0.6369172,0,0.7709321,0,1
583,7.541056,0,0,0,-0.644095,0,0.7649455,0,1
584,7.571445,0,0,0,-0.6521755,0,0.758068,0,1
585,7.596692,0,0,0,-0.6648418,0,0.7469842,0,1
586,7.62492,0,0,0,-0.6722402,0,0.740333,0,1
587,7.653273,0,0,0,-0.6848166,0,0.7287155,0,1
588,7.679963,0,0,0,-0.6903362,0,0.7234887,0,1
589,7.706745,0,0,0,-0.6951548,0,0.7188601,0,1
590,7.733075,0,0,0,-0.7032495,0,0.7109432,0,1
591,7.760943,0,0,0,-0.7068082,0,0.7074053,0,1
592,7.788368,0,0,0,-0.7088825,0,0.7053266,0,1
593,7.820273,0,0,0,-0.007851035,0,0.9999692,0,1
594,7.847343,0,0,0,-0.008753489,0,0.9999617,0,1
595,7.874849,0,0,0,-0.009671396,0,0.9999532,0,1
596,7.903979,0,0,0,-0.01064283,0,0.9999434,0,1
597,7.932023,0,0,0,-0.01064212,0,0.9999434,0,1
598,7.96254,0,0,0,-0.01064219,0,0.9999433,0,1
599,7.991484,0,0,0,-0.0116057,0,0.9999326,0,1
600,8.020616,0,0,0,-0.01160505,0,0.9999326,0,1
601,8.048329,0,0,0,-0.01160463,0,0.9999327,0,1
602,8.078829,0,0,0,-0.01160542,0,0.9999326,0,1
603,8.106647,0,0,0,-0.0116057,0,0.9999327,0,1
604,8.135997,0,0,0,-0.01160484,0,0.9999326,0,1
605,8.165783,0,0,0,-0.01160526,0,0.9999326,0,1
606,8.197042,0,0,0,-0.01056841,0,0.9999441,0,1
607,8.223427,0,0,0,-0.01056831,0,0.9999442,0,1
608,8.252671,0,0,0,-0.01056883,0,0.9999442,0,1
609,8.285638,0,0,0,-0.01056837,0,0.9999442,0,1
610,8.312952,0,0,0,-0.01056848,0,0.9999442,0,1
611,8.341263,0,0,0,-0.01150436,0,0.9999338,0,1
612,8.371717,0,0,0,-0.01251194,0,0.9999217,0,1
613,8.402403,0,0,0,-0.01453797,0,0.9998943,0,1
614,8.431001,0,0,0,-0.01453843,0,0.9998943,0,1
615,8.459606,0,0,0,-0.01548087,0,0.9998801,0,1
616,8.489961,0,0,0,-0.01548066,0,0.9998801,0,1
617,8.518532,0,0,0,-0.01642261,0,0.9998651,0,1
618,8.54808,0,0,0,-0.01642224,0,0.9998651,0,1
619,8.577518,0,0,0,-0.01642321,0,0.9998652,0,1
620,8.606642,0,0,0,-0.01642143,0,0.9998652,0,1
621,8.636003,0,0,0,-0.01545681,0,0.9998806,0,1
622,8.66643,0,0,0,-0.01445562,0,0.9998955,0,1
623,8.697378,0,0,0,-0.01241877,0,0.9999229,0,1
624,8.724835,0,0,0,-0.01151618,0,0.9999337,0,1
625,8.754311,0,0,0,-0.01054573,0,0.9999444,0,1
626,8.783133,0,0,0,-0.008649921,0,0.9999626,0,1
627,8.813949,0,0,0,-0.008649377,0,0.9999626,0,1
628,8.843118,0,0,0,-0.007690501,0,0.9999704,0,1
629,8.872696,0,0,0,-0.007690229,0,0.9999704,0,1
630,8.901987,0,0,0,-0.007690195,0,0.9999704,0,1
631,8.9311,0,0,0,-0.006734217,0,0.9999773,0,1
632,8.959551,0,0,0,-0.006734118,0,0.9999774,0,1
633,8.988916,0,0,0,-0.006733847,0,0.9999773,0,1
634,9.018432,0,0,0,-0.006733877,0,0.9999774,0,1
635,9.048125,0,0,0,-0.0067338,0,0.9999774,0,1
636,9.077753,0,0,0,-0.006733896,0,0.9999773,0,1
637,9.108273,0,0,0,-0.006733673,0,0.9999774,0,1
638,9.136972,0,0,0,-0.006734293,0,0.9999774,0,1
639,9.166391,0,0,0,-0.006733997,0,0.9999774,0,1
640,9.196304,0,0,0,-0.006733928,0,0.9999774,0,1
641,9.225646,0,0,0,-0.006733086,0,0.9999774,0,1
642,9.25536,0,0,0,-0.006733864,0,0.9999773,0,1
643,9.285092,0,0,0,-0.006733921,0,0.9999774,0,1
644,9.314445,0,0,0,-0.006734144,0,0.9999774,0,1
645,9.344871,0,0,0,-0.006734021,0,0.9999774,0,1
646,9.373789,0,0,0,-0.006733685,0,0.9999774,0,1
647,9.403978,0,0,0,-0.0067336,0,0.9999773,0,1
648,9.43331,0,0,0,-0.006734151,0,0.9999774,0,1
649,9.463149,0,0,0,-0.006733858,0,0.9999774,0,1
650,9.492867,0,0,0,-0.006733886,0,0.9999774,0,1
651,9.523022,0,0,0,-0.006733825,0,0.9999774,0,1
652,9.552105,0,0,0,-0.00673417,0,0.9999773,0,1
653,9.570013,0,0,0,0.7023357,0,0.711846,0,1
654,9.584371,0,0,0,0.70232,0,0.7118613,0,1
655,9.599968,0,0,0,0.7023354,0,0.7118462,0,1
656,9.615932,0,0,0,0.7023309,0,0.7118506,0,1
657,9.632828,0,0,0,0.7016065,0,0.7125645,0,1
658,9.648225,0,0,0,0.7016031,0,0.7125679,0,1
659,9.681908,0,0,0,-0.008844178,0,0.9999609,0,1
660,9.709935,0,0,0,-0.009753413,0,0.9999524,0,1
661,9.739168,0,0,0,-0.01070168,0,0.9999427,0,1
662,9.768271,0,0,0,-0.01164522,0,0.9999322,0,1
663,9.800766,0,0,0,-0.01269724,0,0.9999194,0,1
664,9.827999,0,0,0,-0.01269758,0,0.9999194,0,1
665,9.859404,0,0,0,-0.01371467,0,0.9999059,0,1
666,9.887951,0,0,0,-0.01371413,0,0.9999059,0,1
667,9.917425,0,0,0,-0.01371435,0,0.9999059,0,1
668,9.948609,0,0,0,-0.0147227,0,0.9998916,0,1
669,9.977299,0,0,0,-0.01472228,0,0.9998916,0,1
670,10.00828,0,0,0,-0.01672538,0,0.9998602,0,1
671,10.03953,0,0,0,-0.01874321,0,0.9998243,0,1
672,10.06825,0,0,0,-0.02152356,0,0.9997684,0,1
673,10.09907,0,0,0,-0.02350977,0,0.9997236,0,1
674,10.13033,0,0,0,-0.02552444,0,0.9996742,0,1
675,10.15883,0,0,0,-0.02736032,0,0.9996256,0,1
676,10.18996,0,0,0,-0.0283619,0,0.9995977,0,1
677,10.22056,0,0,0,-0.03033074,0,0.9995399,0,1
678,10.24804,0,0,0,-0.03033084,0,0.9995399,0,1
679,10.28003,0,0,0,-0.03033132,0,0.99954,0,1
680,10.31002,0,0,0,-0.03129441,0,0.9995102,0,1
681,10.3389,0,0,0,-0.03129522,0,0.9995102,0,1
682,10.37037,0,0,0,-0.03129485,0,0.9995102,0,1
683,10.39911,0,0,0,-0.03129453,0,0.9995102,0,1
684,10.4309,0,0,0,-0.03231549,0,0.9994777,0,1
685,10.46139,0,0,0,-0.03231556,0,0.9994777,0,1
686,10.48975,0,0,0,-0.03231576,0,0.9994777,0,1
687,10.52092,0,0,0,-0.03231542,0,0.9994777,0,1
688,10.55103,0,0,0,-0.03134943,0,0.9995085,0,1
689,10.58134,0,0,0,-0.03134874,0,0.9995085,0,1
690,10.61187,0,0,0,-0.03036954,0,0.9995388,0,1
691,10.64057,0,0,0,-0.03036981,0,0.9995387,0,1
692,10.6707,0,0,0,-0.03036918,0,0.9995388,0,1
693,10.70278,0,0,0,-0.03036903,0,0.9995388,0,1
694,10.73162,0,0,0,-0.03036921,0,0.9995388,0,1
695,10.76208,0,0,0,-0.03036975,0,0.9995387,0,1
696,10.79342,0,0,0,-0.03036929,0,0.9995388,0,1
697,10.82186,0,0,0,-0.0303687,0,0.9995388,0,1
698,10.8526,0,0,0,-0.03037013,0,0.9995388,0,1
699,10.88267,0,0,0,-0.03036921,0,0.9995387,0,1
700,10.91457,0,0,0,-0.03138999,0,0.9995072,0,1
701,10.9433,0,0,0,-0.03139103,0,0.9995072,0,1
702,10.97539,0,0,0,-0.03241839,0,0.9994743,0,1
703,11.00683,0,0,0,-0.03342475,0,0.9994412,0,1
704,11.0336,0,0,0,-0.03342418,0,0.9994413,0,1
705,11.06555,0,0,0,-0.03444619,0,0.9994066,0,1
706,11.0981,0,0,0,-0.03548741,0,0.9993701,0,1
707,11.12652,0,0,0,-0.0354864,0,0.9993702,0,1
708,11.15596,0,0,0,-0.03736864,0,0.9993016,0,1
709,11.18776,0,0,0,-0.03736854,0,0.9993016,0,1
710,11.21782,0,0,0,-0.03832809,0,0.9992652,0,1
711,11.24722,0,0,0,-0.04114306,0,0.9991533,0,1
712,11.27776,0,0,0,-0.04211673,0,0.9991127,0,1
713,11.30951,0,0,0,-0.04515409,0,0.99898,0,1
714,11.3393,0,0,0,-0.04705228,0,0.9988924,0,1
715,11.36937,0,0,0,-0.04992389,0,0.9987531,0,1
716,11.3997,0,0,0,-0.05281723,0,0.9986042,0,1
717,11.43018,0,0,0,-0.05281875,0,0.9986041,0,1
718,11.46169,0,0,0,-0.05281791,0,0.9986041,0,1
719,11.49072,0,0,0,-0.05281929,0,0.9986041,0,1
720,11.52268,0,0,0,-0.05281915,0,0.9986041,0,1
721,11.55116,0,0,0,-0.05281805,0,0.9986041,0,1
722,11.58265,0,0,0,-0.05281735,0,0.9986041,0,1
723,11.61378,0,0,0,-0.0528193,0,0.9986041,0,1
724,11.64258,0,0,0,-0.05281703,0,0.9986042,0,1
725,11.67236,0,0,0,-0.05281932,0,0.9986041,0,1
726,11.70483,0,0,0,-0.05281854,0,0.9986042,0,1
727,11.73336,0,0,0,-0.0528178,0,0.9986041,0,1
728,11.76364,0,0,0,-0.05281962,0,0.9986041,0,1
729,11.79512,0,0,0,-0.05181859,0,0.9986565,0,1
730,11.82632,0,0,0,-0.05082542,0,0.9987076,0,1
731,11.85698,0,0,0,-0.04204733,0,0.9991156,0,1
732,11.88696,0,0,0,-0.03727178,0,0.9993052,0,1
733,11.91719,0,0,0,-0.03148875,0,0.9995041,0,1
734,11.94683,0,0,0,-0.02107389,0,0.9997779,0,1
735,11.97831,0,0,0,-0.01604239,0,0.9998713,0,1
736,12.00887,0,0,0,-0.01115188,0,0.9999378,0,1
737,12.03775,0,0,0,-4.012326E-05,0,1,0,1
738,12.07017,0,0,0,0.006204725,0,0.9999807,0,1
739,12.09816,0,0,0,0.01971743,0,0.9998056,0,1
740,12.12961,0,0,0,0.02782716,0,0.9996127,0,1
741,12.15928,0,0,0,0.03932722,0,0.9992264,0,1
742,12.18849,0,0,0,0.06112221,0,0.9981303,0,1
743,12.2186,0,0,0,0.07287017,0,0.9973415,0,1
744,12.24746,0,0,0,0.09644402,0,0.9953384,0,1
745,12.27875,0,0,0,0.1097604,0,0.9939581,0,1
746,12.30581,0,0,0,0.1204084,0,0.9927244,0,1
747,12.33522,0,0,0,0.1388152,0,0.9903183,0,1
748,12.36547,0,0,0,0.1457906,0,0.9893155,0,1
749,12.39594,0,0,0,0.1528254,0,0.9882532,0,1
750,12.42358,0,0,0,0.1546453,0,0.9879701,0,1
751,12.45113,0,0,0,0.1546453,0,0.9879701,0,1
752,12.48301,0,0,0,0.1557002,0,0.9878044,0,1
753,12.50932,0,0,0,0.1556974,0,0.9878048,0,1
754,12.54026,0,0,0,0.1567142,0,0.987644,0,1
755,12.56798,0,0,0,0.1567184,0,0.9876434,0,1
756,12.59666,0,0,0,0.1567146,0,0.9876439,0,1
757,12.6258,0,0,0,0.1567156,0,0.9876438,0,1
758,12.65469,0,0,0,0.1567191,0,0.9876432,0,1
759,12.68459,0,0,0,0.1567165,0,0.9876436,0,1
760,12.71447,0,0,0,0.1567147,0,0.9876439,0,1
761,12.74426,0,0,0,0.1557397,0,0.9877981,0,1
762,12.77309,0,0,0,0.1547937,0,0.9879468,0,1
763,12.80322,0,0,0,0.153802,0,0.9881017,0,1
764,12.83128,0,0,0,0.1528791,0,0.988245,0,1
765,12.86006,0,0,0,0.1500559,0,0.9886776,0,1
766,12.89005,0,0,0,0.1471089,0,0.9891203,0,1
767,12.90706,0,0,0,0.7985379,0,0.6019446,0,1
768,12.93501,0,0,0,0.1335465,0,0.9910425,0,1
769,12.96192,0,0,0,0.1282849,0,0.9917374,0,1
770,12.98939,0,0,0,0.1202426,0,0.9927445,0,1
771,13.01816,0,0,0,0.1155717,0,0.9932991,0,1
772,13.04778,0,0,0,0.1126851,0,0.9936308,0,1
773,13.07682,0,0,0,0.1060935,0,0.9943562,0,1
774,13.10813,0,0,0,0.1030503,0,0.9946761,0,1
775,13.13669,0,0,0,0.09935093,0,0.9950525,0,1
776,13.16757,0,0,0,0.09835357,0,0.9951515,0,1
777,13.19834,0,0,0,0.09735878,0,0.9952494,0,1
778,13.22719,0,0,0,0.09642223,0,0.9953405,0,1
779,13.25699,0,0,0,0.09546307,0,0.995433,0,1
780,13.28634,0,0,0,0.09261439,0,0.995702,0,1
781,13.31793,0,0,0,0.09159423,0,0.9957964,0,1
782,13.34667,0,0,0,0.08973993,0,0.9959652,0,1
783,13.37573,0,0,0,0.08692794,0,0.9962146,0,1
784,13.40941,0,0,0,0.08583758,0,0.9963092,0,1
785,13.43449,0,0,0,0.08584425,0,0.9963086,0,1
786,13.46568,0,0,0,0.08483573,0,0.996395,0,1
787,13.49501,0,0,0,0.08483122,0,0.9963953,0,1
788,13.52632,0,0,0,0.08382639,0,0.9964804,0,1
789,13.55674,0,0,0,0.08382621,0,0.9964803,0,1
790,13.58498,0,0,0,0.08382984,0,0.9964801,0,1
791,13.61635,0,0,0,0.08382425,0,0.9964806,0,1
792,13.64522,0,0,0,0.08382866,0,0.9964802,0,1
793,13.6749,0,0,0,0.08382453,0,0.9964805,0,1
794,13.70512,0,0,0,0.0838264,0,0.9964804,0,1
795,13.73718,0,0,0,0.08382358,0,0.9964806,0,1
796,13.7656,0,0,0,0.08199925,0,0.9966323,0,1
797,13.79683,0,0,0,0.07999048,0,0.9967956,0,1
798,13.82718,0,0,0,0.07608832,0,0.9971011,0,1
799,13.85741,0,0,0,0.07415087,0,0.997247,0,1
800,13.88674,0,0,0,0.07226463,0,0.9973855,0,1
801,13.91683,0,0,0,0.06840771,0,0.9976574,0,1
802,13.94759,0,0,0,0.06741556,0,0.997725,0,1
803,13.97715,0,0,0,0.06552508,0,0.9978509,0,1
804,14.00647,0,0,0,0.06552319,0,0.9978511,0,1
805,14.03802,0,0,0,0.06552654,0,0.9978508,0,1
806,14.06823,0,0,0,0.06455522,0,0.9979141,0,1
807,14.09709,0,0,0,0.06455728,0,0.997914,0,1
808,14.12745,0,0,0,0.06455511,0,0.9979141,0,1
809,14.15877,0,0,0,0.0635545,0,0.9979784,0,1
810,14.18732,0,0,0,0.06355282,0,0.9979784,0,1
811,14.21763,0,0,0,0.06355435,0,0.9979784,0,1
812,14.2481,0,0,0,0.06355596,0,0.9979782,0,1
813,14.27848,0,0,0,0.06355483,0,0.9979784,0,1
814,14.30995,0,0,0,0.06355306,0,0.9979784,0,1
815,14.34038,0,0,0,0.06355242,0,0.9979784,0,1
816,14.37076,0,0,0,0.06258375,0,0.9980397,0,1
817,14.40113,0,0,0,0.06257962,0,0.99804,0,1
818,14.43132,0,0,0,0.06161902,0,0.9980997,0,1
819,14.46264,0,0,0,0.06061669,0,0.9981611,0,1
820,14.49172,0,0,0,0.0606151,0,0.9981612,0,1
821,14.52185,0,0,0,0.05965085,0,0.9982193,0,1
822,14.55255,0,0,0,0.0596549,0,0.9982191,0,1
823,14.581,0,0,0,0.05965307,0,0.9982192,0,1
824,14.61271,0,0,0,0.05864049,0,0.9982792,0,1
825,14.64332,0,0,0,0.05863864,0,0.9982793,0,1
826,14.67193,0,0,0,0.05864122,0,0.9982792,0,1
827,14.70364,0,0,0,0.05762539,0,0.9983383,0,1
828,14.73196,0,0,0,0.05763116,0,0.9983379,0,1
829,14.76409,0,0,0,0.05660049,0,0.9983969,0,1
830,14.79325,0,0,0,0.05660222,0,0.9983968,0,1
831,14.82354,0,0,0,0.05660531,0,0.9983966,0,1
832,14.85406,0,0,0,0.0566023,0,0.9983968,0,1
833,14.88394,0,0,0,0.05660097,0,0.9983969,0,1
834,14.91425,0,0,0,0.056602,0,0.9983968,0,1
835,14.94502,0,0,0,0.05660437,0,0.9983967,0,1
836,14.97496,0,0,0,0.05660105,0,0.9983969,0,1
837,15.00549,0,0,0,0.05660338,0,0.9983968,0,1
838,15.03577,0,0,0,0.05660487,0,0.9983966,0,1
839,15.06658,0,0,0,0.0565997,0,0.998397,0,1
840,15.09646,0,0,0,0.05660294,0,0.9983968,0,1
841,15.13016,0,0,0,0.05552831,0,0.9984571,0,1
842,15.15779,0,0,0,0.05289114,0,0.9986003,0,1
843,15.18975,0,0,0,0.05186991,0,0.9986539,0,1
844,15.21985,0,0,0,0.04899831,0,0.9987988,0,1
845,15.25012,0,0,0,0.04418206,0,0.9990235,0,1
846,15.2823,0,0,0,0.04213743,0,0.9991118,0,1
847,15.31163,0,0,0,0.03747778,0,0.9992974,0,1
848,15.34213,0,0,0,0.03554115,0,0.9993682,0,1
849,15.37194,0,0,0,0.03459388,0,0.9994015,0,1
850,15.40208,0,0,0,0.03172297,0,0.9994967,0,1
851,15.43322,0,0,0,0.02974898,0,0.9995574,0,1
852,15.46342,0,0,0,0.02783182,0,0.9996126,0,1
853,15.49461,0,0,0,0.025853,0,0.9996657,0,1
854,15.52547,0,0,0,0.0248759,0,0.9996905,0,1
855,15.55576,0,0,0,0.02199645,0,0.999758,0,1
856,15.58692,0,0,0,0.02002137,0,0.9997995,0,1
857,15.61727,0,0,0,0.01809898,0,0.9998362,0,1
858,15.64746,0,0,0,0.01714301,0,0.9998531,0,1
859,15.67767,0,0,0,0.01618684,0,0.999869,0,1
860,15.70881,0,0,0,0.01520037,0,0.9998845,0,1
861,15.73897,0,0,0,0.01424637,0,0.9998985,0,1
862,15.76813,0,0,0,0.01424712,0,0.9998985,0,1
863,15.80095,0,0,0,0.01320822,0,0.9999128,0,1
864,15.82974,0,0,0,0.013208,0,0.9999127,0,1
865,15.86145,0,0,0,0.0122054,0,0.9999254,0,1
866,15.89053,0,0,0,0.01220555,0,0.9999256,0,1
867,15.92136,0,0,0,0.01220493,0,0.9999255,0,1
868,15.95214,0,0,0,0.0122049,0,0.9999256,0,1
869,15.98416,0,0,0,0.01220572,0,0.9999255,0,1
870,16.01322,0,0,0,0.01220533,0,0.9999256,0,1
871,16.04424,0,0,0,0.01220467,0,0.9999256,0,1
872,16.076,0,0,0,0.01220557,0,0.9999256,0,1
873,16.10538,0,0,0,0.01220525,0,0.9999255,0,1
874,16.1363,0,0,0,0.0122049,0,0.9999255,0,1
875,16.16746,0,0,0,0.01220527,0,0.9999256,0,1
876,16.19779,0,0,0,0.01220537,0,0.9999256,0,1
877,16.23046,0,0,0,0.01117301,0,0.9999376,0,1
878,16.25892,0,0,0,0.01117302,0,0.9999376,0,1
879,16.29065,0,0,0,0.0111726,0,0.9999376,0,1
880,16.32211,0,0,0,0.01117236,0,0.9999377,0,1
881,16.35239,0,0,0,0.01021561,0,0.9999478,0,1
882,16.38137,0,0,0,0.01021634,0,0.9999478,0,1
883,16.41417,0,0,0,0.009179626,0,0.9999579,0,1
884,16.44295,0,0,0,0.009179339,0,0.9999579,0,1
885,16.47567,0,0,0,0.008145896,0,0.9999669,0,1
886,16.50747,0,0,0,0.008146096,0,0.9999668,0,1
887,16.53469,0,0,0,0.008146303,0,0.9999669,0,1
888,16.5671,0,0,0,0.007123108,0,0.9999746,0,1
889,16.59637,0,0,0,0.007122878,0,0.9999746,0,1
890,16.62697,0,0,0,0.007123144,0,0.9999747,0,1
891,16.65774,0,0,0,0.007123101,0,0.9999747,0,1
892,16.68867,0,0,0,0.007123107,0,0.9999747,0,1
893,16.72017,0,0,0,0.007122741,0,0.9999747,0,1
894,16.74943,0,0,0,0.007123025,0,0.9999746,0,1
895,16.78054,0,0,0,0.007123001,0,0.9999745,0,1
896,16.81152,0,0,0,0.007123002,0,0.9999746,0,1
897,16.8423,0,0,0,0.007123149,0,0.9999746,0,1
898,16.87278,0,0,0,0.007122896,0,0.9999747,0,1
899,16.90375,0,0,0,0.007123142,0,0.9999745,0,1
900,16.93494,0,0,0,0.007122863,0,0.9999747,0,1
901,16.96442,0,0,0,0.00712304,0,0.9999747,0,1
902,16.99521,0,0,0,0.007123396,0,0.9999746,0,1
903,17.02631,0,0,0,0.007122898,0,0.9999747,0,1
904,17.05799,0,0,0,0.007123063,0,0.9999747,0,1
905,17.08728,0,0,0,0.007122833,0,0.9999746,0,1
906,17.11831,0,0,0,0.007123079,0,0.9999746,0,1
907,17.14913,0,0,0,0.007123227,0,0.9999746,0,1
908,17.17954,0,0,0,0.007122952,0,0.9999747,0,1
909,17.21022,0,0,0,0.007122797,0,0.9999746,0,1
910,17.24123,0,0,0,0.007123176,0,0.9999746,0,1
911,17.27555,0,0,0,0.007123019,0,0.9999745,0,1
912,17.30428,0,0,0,0.008029412,0,0.9999678,0,1
913,17.33548,0,0,0,0.00802919,0,0.9999678,0,1
914,17.36509,0,0,0,0.009897139,0,0.999951,0,1
915,17.39669,0,0,0,0.01089476,0,0.9999406,0,1
916,17.427,0,0,0,0.01185027,0,0.9999298,0,1
917,17.45754,0,0,0,0.014743,0,0.9998913,0,1
918,17.48835,0,0,0,0.01863294,0,0.9998264,0,1
919,17.51903,0,0,0,0.02541643,0,0.999677,0,1
920,17.54988,0,0,0,0.03029559,0,0.999541,0,1
921,17.58015,0,0,0,0.03603953,0,0.9993504,0,1
922,17.61118,0,0,0,0.05769196,0,0.9983345,0,1
923,17.64027,0,0,0,0.0687783,0,0.997632,0,1
924,17.67082,0,0,0,0.1009437,0,0.9948922,0,1
925,17.70124,0,0,0,0.1164876,0,0.9931921,0,1
926,17.73066,0,0,0,0.135322,0,0.9908017,0,1
927,17.76082,0,0,0,0.1761532,0,0.9843628,0,1
928,17.79014,0,0,0,0.1969691,0,0.9804097,0,1
929,17.82053,0,0,0,0.2354569,0,0.9718848,0,1
930,17.84856,0,0,0,0.2527581,0,0.9675295,0,1
931,17.87693,0,0,0,0.2693641,0,0.9630384,0,1
932,17.9053,0,0,0,0.2990805,0,0.9542279,0,1
933,17.93383,0,0,0,0.3130678,0,0.9497308,0,1
934,17.96187,0,0,0,0.3249903,0,0.9457173,0,1
935,17.98938,0,0,0,0.3466844,0,0.9379818,0,1
936,18.01803,0,0,0,0.3570533,0,0.9340841,0,1
937,18.04463,0,0,0,0.3737005,0,0.9275494,0,1
938,18.07388,0,0,0,0.3823409,0,0.9240213,0,1
939,18.10019,0,0,0,0.3884315,0,0.9214776,0,1
940,18.12689,0,0,0,0.4007432,0,0.9161904,0,1
941,18.15407,0,0,0,0.4043269,0,0.9146146,0,1
942,18.18309,0,0,0,0.4110322,0,0.9116209,0,1
943,18.20891,0,0,0,0.414429,0,0.9100816,0,1
944,18.23448,0,0,0,0.4169613,0,0.9089243,0,1
945,18.24327,0,0,0,0.9401988,0,0.3406261,0,1
946,18.2504,0,0,0,0.9411126,0,0.3380934,0,1
947,18.25758,0,0,0,0.9442052,0,0.3293579,0,1
948,18.26476,0,0,0,0.9457725,0,0.3248296,0,1
949,18.27209,0,0,0,0.9470065,0,0.3212143,0,1
950,18.27904,0,0,0,0.9497416,0,0.313035,0,1
951,18.28629,0,0,0,0.9506504,0,0.3102641,0,1
952,18.29339,0,0,0,0.9515732,0,0.3074224,0,1
953,18.30002,0,0,0,0.9547226,0,0.2974975,0,1
954,18.32651,0,0,0,0.4656444,0,0.884972,0,1
955,18.35292,0,0,0,0.4664962,0,0.8845233,0,1
956,18.37732,0,0,0,0.4664891,0,0.884527,0,1
957,18.40516,0,0,0,0.4664803,0,0.8845316,0,1
958,18.42946,0,0,0,0.4665194,0,0.884511,0,1
959,18.45602,0,0,0,0.466493,0,0.884525,0,1
960,18.48254,0,0,0,0.4664859,0,0.8845286,0,1
961,18.50839,0,0,0,0.4664946,0,0.884524,0,1
962,18.53493,0,0,0,0.466488,0,0.8845276,0,1
963,18.56118,0,0,0,0.4664927,0,0.8845251,0,1
964,18.58718,0,0,0,0.466493,0,0.8845249,0,1
965,18.61371,0,0,0,0.4664947,0,0.8845239,0,1
966,18.63966,0,0,0,0.4664984,0,0.884522,0,1
967,18.66601,0,0,0,0.4664911,0,0.8845259,0,1
968,18.69239,0,0,0,0.4664997,0,0.8845213,0,1
969,18.71887,0,0,0,0.4664829,0,0.8845302,0,1
970,18.74526,0,0,0,0.466501,0,0.8845206,0,1
971,18.77323,0,0,0,0.4664836,0,0.8845299,0,1
972,18.79807,0,0,0,0.4665057,0,0.8845181,0,1
973,18.82429,0,0,0,0.4664853,0,0.8845289,0,1
974,18.8508,0,0,0,0.4665034,0,0.8845195,0,1
975,18.87889,0,0,0,0.4592333,0,0.8883157,0,1
976,18.90616,0,0,0,0.4200417,0,0.9075048,0,1
977,18.93245,0,0,0,0.4031886,0,0.9151169,0,1
978,18.9605,0,0,0,0.378091,0,0.9257684,0,1
979,18.98874,0,0,0,0.3681495,0,0.9297667,0,1
980,19.01674,0,0,0,0.3600651,0,0.9329271,0,1
981,19.04555,0,0,0,0.3481052,0,0.9374555,0,1
982,19.07591,0,0,0,0.3422977,0,0.9395915,0,1
983,19.10281,0,0,0,0.3371246,0,0.9414601,0,1
984,19.131,0,0,0,0.3281305,0,0.9446324,0,1
985,19.16104,0,0,0,0.3214443,0,0.9469284,0,1
986,19.18843,0,0,0,0.3083504,0,0.9512728,0,1
987,19.21857,0,0,0,0.3006768,0,0.9537261,0,1
988,19.24815,0,0,0,0.2940995,0,0.9557748,0,1
989,19.27648,0,0,0,0.2797112,0,0.9600841,0,1
990,19.30641,0,0,0,0.272103,0,0.9622682,0,1
991,19.33492,0,0,0,0.2603337,0,0.9655187,0,1
992,19.36631,0,0,0,0.2563591,0,0.9665815,0,1
993,19.39454,0,0,0,0.2527848,0,0.9675226,0,1
994,19.42397,0,0,0,0.2322988,0,0.9726444,0,1
995,19.45342,0,0,0,0.2201799,0,0.9754593,0,1
996,19.48481,0,0,0,0.1944521,0,0.980912,0,1
997,19.51356,0,0,0,0.181743,0,0.983346,0,1
998,19.54373,0,0,0,0.1693614,0,0.985554,0,1
999,19.57521,0,0,0,0.1455827,0,0.9893461,0,1
1000,19.6048,0,0,0,0.1371958,0,0.990544,0,1
1001,19.63498,0,0,0,0.1295859,0,0.9915682,0,1
1002,19.66577,0,0,0,0.1169903,0,0.9931331,0,1
1003,19.69655,0,0,0,0.11118,0,0.9938002,0,1
1004,19.72826,0,0,0,0.1022096,0,0.9947629,0,1
1005,19.75906,0,0,0,0.09833028,0,0.9951538,0,1
1006,19.78967,0,0,0,0.09640324,0,0.9953424,0,1
1007,19.8193,0,0,0,0.09268325,0,0.9956956,0,1
1008,19.85137,0,0,0,0.09166937,0,0.9957895,0,1
1009,19.88188,0,0,0,0.08879577,0,0.9960499,0,1
1010,19.91412,0,0,0,0.08879793,0,0.9960496,0,1
1011,19.94316,0,0,0,0.08788079,0,0.996131,0,1
1012,19.9732,0,0,0,0.08693437,0,0.996214,0,1
1013,20.00304,0,0,0,0.08694213,0,0.9962134,0,1
1014,20.03406,0,0,0,0.08693634,0,0.9962139,0,1
1015,20.06523,0,0,0,0.08596,0,0.9962986,0,1
1016,20.0954,0,0,0,0.08595809,0,0.9962988,0,1
1017,20.12724,0,0,0,0.08595888,0,0.9962986,0,1
1018,20.15658,0,0,0,0.08595663,0,0.9962989,0,1
1019,20.18699,0,0,0,0.08595943,0,0.9962986,0,1
1020,20.2184,0,0,0,0.0859597,0,0.9962986,0,1
1021,20.24899,0,0,0,0.08595743,0,0.9962988,0,1
1022,20.27948,0,0,0,0.08595989,0,0.9962986,0,1
1023,20.31048,0,0,0,0.08595912,0,0.9962987,0,1
1024,20.34273,0,0,0,0.08595426,0,0.9962991,0,1
1025,20.37179,0,0,0,0.08595994,0,0.9962986,0,1
1026,20.40256,0,0,0,0.08595743,0,0.9962988,0,1
1027,20.43394,0,0,0,0.08595931,0,0.9962987,0,1
1028,20.46432,0,0,0,0.08596123,0,0.9962984,0,1
1029,20.495,0,0,0,0.08595552,0,0.996299,0,1
1030,20.52641,0,0,0,0.08596076,0,0.9962986,0,1
1031,20.55702,0,0,0,0.08596162,0,0.9962984,0,1
1032,20.58869,0,0,0,0.08595676,0,0.9962988,0,1
1033,20.61924,0,0,0,0.08595793,0,0.9962988,0,1
1034,20.6509,0,0,0,0.08496445,0,0.996384,0,1
1035,20.68192,0,0,0,0.08496229,0,0.9963842,0,1
1036,20.71192,0,0,0,0.08402278,0,0.9964638,0,1
1037,20.74281,0,0,0,0.08402471,0,0.9964637,0,1
1038,20.77309,0,0,0,0.08307384,0,0.9965433,0,1
1039,20.80254,0,0,0,0.08306801,0,0.9965439,0,1
1040,20.83558,0,0,0,0.0820363,0,0.9966293,0,1
1041,20.86618,0,0,0,0.08203352,0,0.9966296,0,1
1042,20.8982,0,0,0,0.08102705,0,0.9967119,0,1
1043,20.92775,0,0,0,0.08102993,0,0.9967117,0,1
1044,20.95831,0,0,0,0.08006826,0,0.9967894,0,1
1045,20.98877,0,0,0,0.08007146,0,0.9967892,0,1
1046,21.0198,0,0,0,0.07909842,0,0.9968668,0,1
1047,21.05055,0,0,0,0.07909566,0,0.996867,0,1
1048,21.08181,0,0,0,0.07909611,0,0.996867,0,1
1049,21.11258,0,0,0,0.07813457,0,0.9969428,0,1
1050,21.1415,0,0,0,0.07812898,0,0.9969433,0,1
1051,21.17437,0,0,0,0.07813133,0,0.9969431,0,1
1052,21.20675,0,0,0,0.07813135,0,0.9969431,0,1
1053,21.23348,0,0,0,0.07812576,0,0.9969435,0,1
1054,21.26662,0,0,0,0.07813819,0,0.9969425,0,1
1055,21.29533,0,0,0,0.07812466,0,0.9969436,0,1
1056,21.32738,0,0,0,0.07813296,0,0.996943,0,1
1057,21.35849,0,0,0,0.07812815,0,0.9969433,0,1
1058,21.38774,0,0,0,0.0781324,0,0.996943,0,1
1059,21.41985,0,0,0,0.07813435,0,0.9969429,0,1
1060,21.44943,0,0,0,0.07813065,0,0.9969431,0,1
1061,21.47994,0,0,0,0.07813007,0,0.9969432,0,1
1062,21.51093,0,0,0,0.07813475,0,0.9969428,0,1
1063,21.54314,0,0,0,0.07812908,0,0.9969432,0,1
1064,21.57266,0,0,0,0.07813216,0,0.996943,0,1
1065,21.60367,0,0,0,0.07813179,0,0.996943,0,1
1066,21.63425,0,0,0,0.07813044,0,0.9969431,0,1
1067,21.66515,0,0,0,0.07812794,0,0.9969434,0,1
1068,21.69583,0,0,0,0.07813349,0,0.9969429,0,1
1069,21.72703,0,0,0,0.07813223,0,0.996943,0,1
1070,21.75794,0,0,0,0.07812981,0,0.9969432,0,1
1071,21.78874,0,0,0,0.07813058,0,0.9969431,0,1
1072,21.81921,0,0,0,0.07812847,0,0.9969433,0,1
1073,21.85215,0,0,0,0.0781354,0,0.9969428,0,1
1074,21.88064,0,0,0,0.07813074,0,0.9969431,0,1
1075,21.91156,0,0,0,0.07812884,0,0.9969432,0,1
1076,21.94245,0,0,0,0.07812902,0,0.9969433,0,1
1077,21.97352,0,0,0,0.07813324,0,0.9969429,0,1
1078,22.00435,0,0,0,0.07813615,0,0.9969427,0,1
1079,22.03489,0,0,0,0.07812701,0,0.9969434,0,1
1080,22.0672,0,0,0,0.07812939,0,0.9969433,0,1
1081,22.09662,0,0,0,0.07813013,0,0.9969432,0,1
1082,22.12736,0,0,0,0.078135,0,0.9969428,0,1
1083,22.15888,0,0,0,0.07812981,0,0.9969432,0,1
1084,22.18922,0,0,0,0.07813343,0,0.9969429,0,1
1085,22.22163,0,0,0,0.07813227,0,0.996943,0,1
1086,22.25152,0,0,0,0.07812731,0,0.9969434,0,1
1087,22.28289,0,0,0,0.07813384,0,0.9969429,0,1
1088,22.31247,0,0,0,0.07812788,0,0.9969433,0,1
1089,22.34331,0,0,0,0.07813421,0,0.9969429,0,1
1090,22.37459,0,0,0,0.0781308,0,0.9969431,0,1
1091,22.40512,0,0,0,0.07812713,0,0.9969434,0,1
1092,22.43762,0,0,0,0.0781325,0,0.996943,0,1
1093,22.46683,0,0,0,0.07813597,0,0.9969427,0,1
1094,22.49896,0,0,0,0.0781271,0,0.9969434,0,1
1095,22.52856,0,0,0,0.07813179,0,0.9969431,0,1
1096,22.55972,0,0,0,0.07813456,0,0.9969429,0,1
1097,22.59076,0,0,0,0.0781261,0,0.9969435,0,1
1098,22.62134,0,0,0,0.07813641,0,0.9969426,0,1
1099,22.65351,0,0,0,0.07913606,0,0.9968638,0,1
1100,22.68311,0,0,0,0.07914168,0,0.9968634,0,1
1101,22.71482,0,0,0,0.07914146,0,0.9968634,0,1
1102,22.74421,0,0,0,0.07913876,0,0.9968636,0,1
1103,22.77484,0,0,0,0.0791353,0,0.9968639,0,1
1104,22.80597,0,0,0,0.07914409,0,0.9968632,0,1
1105,22.83727,0,0,0,0.07914114,0,0.9968634,0,1
1106,22.86769,0,0,0,0.07913701,0,0.9968637,0,1
1107,22.89863,0,0,0,0.07913763,0,0.9968637,0,1
1108,22.9294,0,0,0,0.07913915,0,0.9968636,0,1
1109,22.96016,0,0,0,0.07914256,0,0.9968633,0,1
1110,22.99113,0,0,0,0.07913671,0,0.9968638,0,1
1111,23.02194,0,0,0,0.07914111,0,0.9968634,0,1
1112,23.05443,0,0,0,0.07914052,0,0.9968635,0,1
1113,23.08376,0,0,0,0.07914059,0,0.9968635,0,1
1114,23.11444,0,0,0,0.07913727,0,0.9968637,0,1
1115,23.14573,0,0,0,0.07913728,0,0.9968637,0,1
1116,23.17595,0,0,0,0.07914234,0,0.9968634,0,1
1117,23.20717,0,0,0,0.07913931,0,0.9968636,0,1
1118,23.23779,0,0,0,0.07914224,0,0.9968633,0,1
1119,23.2712,0,0,0,0.07913925,0,0.9968635,0,1
1120,23.30057,0,0,0,0.07913896,0,0.9968635,0,1
1121,23.33071,0,0,0,0.07914013,0,0.9968635,0,1
1122,23.36303,0,0,0,0.07914099,0,0.9968634,0,1
1123,23.39237,0,0,0,0.0791355,0,0.9968638,0,1
1124,23.42352,0,0,0,0.07913756,0,0.9968638,0,1
1125,23.45425,0,0,0,0.07914483,0,0.9968631,0,1
1126,23.4613,0,0,0,0.5798903,-0.2597098,0.7721904,0,1
1127,23.46205,0,0,0,0.8846503,-0.4364964,0.1639043,0,1
1128,23.46294,0,0,0,0.8833044,-0.4354452,0.1736688,0,1
1129,23.46398,0,0,0,0.8818061,-0.4342783,0.1839028,0,1
1130,23.46521,0,0,0,0.9406043,-0.2678716,0.2085863,0,1
1131,23.46664,0,0,0,0.9752675,-0.02242862,0.2198871,0,1
1132,23.46824,0,0,0,0.9728473,-0.04250856,0.2275106,0,1
1133,23.46997,0,0,0,0.9709313,-0.03942461,0.2360892,0,1
1134,23.47174,0,0,0,0.9687588,-0.04011393,0.2447391,0,1
1135,23.4738,0,0,0,0.9667048,-0.03309149,0.2537455,0,1
1136,23.47598,0,0,0,0.9640265,-0.03468235,0.2635339,0,1
1137,23.47838,0,0,0,0.9612864,-0.03154993,0.2737387,0,1
1138,23.48092,0,0,0,0.958172,-0.03073157,0.284538,0,1
1139,23.4837,0,0,0,0.9549759,-0.02821854,0.2953385,0,1
1140,23.48687,0,0,0,0.9514568,-0.02554225,0.3067205,0,1
1141,23.48687,0,0,0,0,0,0,0,1
1142,23.48687,0,0,0,0,0,0,0,1
1143,23.48687,0,0,0,0,0,0,0,1
1144,23.48687,0,0,0,0,0,0,0,1
1145,23.48687,0,0,0,0,0,0,0,1
1146,23.48687,0,0,0,0,0,0,0,1
1147,23.48687,0,0,0,0,0,0,0,1
1148,23.48687,0,0,0,0,0,0,0,1
1149,23.48687,0,0,0,0,0,0,0,1
1150,23.48687,0,0,0,0,0,0,0,1
1151,23.48687,0,0,0,0,0,0,0,1
1152,23.48687,0,0,0,0,0,0,0,1
1153,23.48687,0,0,0,0,0,0,0,1
1154,23.48687,0,0,0,0,0,0,0,1
1155,23.48687,0,0,0,0,0,0,0,1
1156,23.48687,0,0,0,0,0,0,0,1
1157,23.49027,0,0,0,-0.9968611,0,0.07917038,0,1
1158,23.48707,0,0,0,-0.9902382,-0.02758041,-0.1366295,0,1
1159,23.48337,0,0,0,-0.9886724,-0.02893351,-0.1472745,0,1
1160,23.48105,0,0,0,-0.9946655,-0.02299727,-0.1005572,0,1
1161,23.47991,0,0,0,-0.9979439,-0.01803671,-0.06150223,0,1
1162,23.48032,0,0,0,-0.9998342,-0.01193842,-0.01374628,0,1
1163,23.48189,0,0,0,-0.9998029,-0.007831223,0.01823798,0,1
1164,23.4852,0,0,0,-0.996863,0,0.07914688,0,1
1165,23.48872,0,0,0,-0.9969401,0,0.07816851,0,1
1166,23.49206,0,0,0,-0.9970893,0,0.07624204,0,1
1167,23.49555,0,0,0,-0.9971634,0,0.07526781,0,1
1168,23.49904,0,0,0,-0.9972364,0,0.07429469,0,1
1169,23.50232,0,0,0,-0.9973741,0,0.07242211,0,1
1170,23.50566,0,0,0,-0.997373,0,0.07243723,0,1
1171,23.50926,0,0,0,-0.997447,0,0.07141023,0,1
1172,23.51274,0,0,0,-0.9974449,0,0.0714405,0,1
1173,23.51638,0,0,0,-0.9975188,0,0.07040075,0,1
1174,23.51991,0,0,0,-0.9975849,0,0.0694566,0,1
1175,23.52341,0,0,0,-0.9975832,0,0.06948282,0,1
1176,23.52716,0,0,0,-0.9976533,0,0.06846917,0,1
1177,23.53063,0,0,0,-0.9977216,0,0.06746605,0,1
1178,23.53428,0,0,0,-0.9977162,0,0.06754427,0,1
1179,23.53793,0,0,0,-0.9977857,0,0.06650963,0,1
1180,23.5416,0,0,0,-0.997781,0,0.06658123,0,1
1181,23.54527,0,0,0,-0.9978504,0,0.06553359,0,1
1182,23.54884,0,0,0,-0.9978473,0,0.06557974,0,1
1183,23.55285,0,0,0,-0.9978473,0,0.0655806,0,1
1184,23.55669,0,0,0,-0.9979112,0,0.06460161,0,1
1185,23.56052,0,0,0,-0.9979092,0,0.06463122,0,1
1186,23.56404,0,0,0,-0.9979099,0,0.06462084,0,1
1187,23.56797,0,0,0,-0.9979115,0,0.06459631,0,1
1188,23.57193,0,0,0,-0.997911,0,0.06460279,0,1
1189,23.57193,0,0,0,0,0,0,0,1
1190,23.57193,0,0,0,0,0,0,0,1
1191,23.57193,0,0,0,0,0,0,0,1
1192,23.57193,0,0,0,0,0,0,0,1
1193,23.57193,0,0,0,0,0,0,0,1
1194,23.57193,0,0,0,0,0,0,0,1
1195,23.57193,0,0,0,0,0,0,0,1
1196,23.57193,0,0,0,0,0,0,0,1
1197,23.57193,0,0,0,0,0,0,0,1
1198,23.57193,0,0,0,0,0,0,0,1
1199,23.57193,0,0,0,0,0,0,0,1
1200,23.57193,0,0,0,0,0,0,0,1
1201,23.57193,0,0,0,0,0,0,0,1
1202,23.57193,0,0,0,0,0,0,0,1
1203,23.57193,0,0,0,0,0,0,0,1
1204,23.57193,0,0,0,0,0,0,0,1
1205,23.57193,0,0,0,0,0,0,0,1
1206,23.57193,0,0,0,0,0,0,0,1
1207,23.57193,0,0,0,0,0,0,0,1
1208,23.57193,0,0,0,0,0,0,0,1
1209,23.57193,0,0,0,0,0,0,0,1
1210,23.57193,0,0,0,0,0,0,0,1
1211,23.57193,0,0,0,0,0,0,0,1
1212,23.57193,0,0,0,0,0,0,0,1
1213,23.57193,0,0,0,0,0,0,0,1
1214,23.57193,0,0,0,0,0,0,0,1
1215,23.57193,0,0,0,0,0,0,0,1
1216,23.57193,0,0,0,0,0,0,0,1
1217,23.57193,0,0,0,0,0,0,0,1
1218,23.57193,0,0,0,0,0,0,0,1
1219,23.57193,0,0,0,0,0,0,0,1
1220,23.57193,0,0,0,0,0,0,0,1
1221,23.57193,0,0,0,0,0,0,0,1
1222,23.57193,0,0,0,0,0,0,0,1
1223,23.57193,0,0,0,0,0,0,0,1
1224,23.57193,0,0,0,0,0,0,0,1
1225,23.57193,0,0,0,0,0,0,0,1
1226,23.57193,0,0,0,0,0,0,0,1
1227,23.57193,0,0,0,0,0,0,0,1
1228,23.57193,0,0,0,0,0,0,0,1
1229,23.57193,0,0,0,0,0,0,0,1
1230,23.57193,0,0,0,0,0,0,0,1
1231,23.57193,0,0,0,0,0,0,0,1
1232,23.57193,0,0,0,0,0,0,0,1
1233,23.57193,0,0,0,0,0,0,0,1
1234,23.57193,0,0,0,0,0,0,0,1
1235,23.57193,0,0,0,0,0,0,0,1
1236,23.57193,0,0,0,0,0,0,0,1
1237,23.57193,0,0,0,0,0,0,0,1
1238,23.57193,0,0,0,0,0,0,0,1
1239,23.57193,0,0,0,0,0,0,0,1
1240,23.57193,0,0,0,0,0,0,0,1
1241,23.57193,0,0,0,0,0,0,0,1
1242,23.57193,0,0,0,0,0,0,0,1
1243,23.57193,0,0,0,0,0,0,0,1
1244,23.57193,0,0,0,0,0,0,0,1
1245,23.57193,0,0,0,0,0,0,0,1
1246,23.57193,0,0,0,0,0,0,0,1
1247,23.57193,0,0,0,0,0,0,0,1
1248,23.57193,0,0,0,0,0,0,0,1
1249,23.57193,0,0,0,0,0,0,0,1
1250,23.57193,0,0,0,0,0,0,0,1
1251,23.57193,0,0,0,0,0,0,0,1
1252,23.57193,0,0,0,0,0,0,0,1
1253,23.57193,0,0,0,0,0,0,0,1
1254,23.57193,0,0,0,0,0,0,0,1
1255,23.57193,0,0,0,0,0,0,0,1
1256,23.57193,0,0,0,0,0,0,0,1
1257,23.57193,0,0,0,0,0,0,0,1
1258,23.57193,0,0,0,0,0,0,0,1
1259,23.57193,0,0,0,0,0,0,0,1
1260,23.57193,0,0,0,0,0,0,0,1
1261,23.57193,0,0,0,0,0,0,0,1
1262,23.57193,0,0,0,0,0,0,0,1
1263,23.57193,0,0,0,0,0,0,0,1
1264,23.57193,0,0,0,0,0,0,0,1
1265,23.57193,0,0,0,0,0,0,0,1
1266,23.57193,0,0,0,0,0,0,0,1
1267,23.57193,0,0,0,0,0,0,0,1
1268,23.57193,0,0,0,0,0,0,0,1
1269,23.57193,0,0,0,0,0,0,0,1
1270,23.57193,0,0,0,0,0,0,0,1
1271,23.57193,0,0,0,0,0,0,0,1
1272,23.57193,0,0,0,0,0,0,0,1
1273,23.57193,0,0,0,0,0,0,0,1
1274,23.57193,0,0,0,0,0,0,0,1
1275,23.57193,0,0,0,0,0,0,0,1
1276,23.57193,0,0,0,0,0,0,0,1
1277,23.57193,0,0,0,0,0,0,0,1
1278,23.57193,0,0,0,0,0,0,0,1
1279,23.57193,0,0,0,0,0,0,0,1
1280,23.57193,0,0,0,0,0,0,0,1
1281,23.57193,0,0,0,0,0,0,0,1
1282,23.57193,0,0,0,0,0,0,0,1
1283,23.57193,0,0,0,0,0,0,0,1
1284,23.57193,0,0,0,0,0,0,0,1
1285,23.57193,0,0,0,0,0,0,0,1
1286,23.57193,0,0,0,0,0,0,0,1
1287,23.57193,0,0,0,0,0,0,0,1
1288,23.57193,0,0,0,0,0,0,0,1
1289,23.57193,0,0,0,0,0,0,0,1
1290,23.57193,0,0,0,0,0,0,0,1
1291,23.57193,0,0,0,0,0,0,0,1
1292,23.57193,0,0,0,0,0,0,0,1
1293,23.57193,0,0,0,0,0,0,0,1
1294,23.57193,0,0,0,0,0,0,0,1
1295,23.57193,0,0,0,0,0,0,0,1
1296,23.57193,0,0,0,0,0,0,0,1
1297,23.57193,0,0,0,0,0,0,0,1
1298,23.57193,0,0,0,0,0,0,0,1
1299,23.57193,0,0,0,0,0,0,0,1
1300,23.57193,0,0,0,0,0,0,0,1
1301,23.57193,0,0,0,0,0,0,0,1
1302,23.57193,0,0,0,0,0,0,0,1
1303,23.57193,0,0,0,0,0,0,0,1
1304,23.57193,0,0,0,0,0,0,0,1
1305,23.57193,0,0,0,0,0,0,0,1
1306,23.57193,0,0,0,0,0,0,0,1
1307,23.57193,0,0,0,0,0,0,0,1
1308,23.57193,0,0,0,0,0,0,0,1
1309,23.57193,0,0,0,0,0,0,0,1
1310,23.57193,0,0,0,0,0,0,0,1
1311,23.57193,0,0,0,0,0,0,0,1
1312,23.57193,0,0,0,0,0,0,0,1
1313,23.57193,0,0,0,0,0,0,0,1
1314,23.57193,0,0,0,0,0,0,0,1
1315,23.57193,0,0,0,0,0,0,0,1
1316,23.57193,0,0,0,0,0,0,0,1
1317,23.57193,0,0,0,0,0,0,0,1
1318,23.57193,0,0,0,0,0,0,0,1
1319,23.57193,0,0,0,0,0,0,0,1
1320,23.57193,0,0,0,0,0,0,0,1
1321,23.57193,0,0,0,0,0,0,0,1
1322,23.57193,0,0,0,0,0,0,0,1
1323,23.57193,0,0,0,0,0,0,0,1
1324,23.57193,0,0,0,0,0,0,0,1
1325,23.57193,0,0,0,0,0,0,0,1
1326,23.57193,0,0,0,0,0,0,0,1
1327,23.57193,0,0,0,0,0,0,0,1
1328,23.57193,0,0,0,0,0,0,0,1
1329,23.57193,0,0,0,0,0,0,0,1
1330,23.57193,0,0,0,0,0,0,0,1
1331,23.57193,0,0,0,0,0,0,0,1
1332,23.57193,0,0,0,0,0,0,0,1
1333,23.57193,0,0,0,0,0,0,0,1
1334,23.57354,0,0,0,-0.9998323,0,-0.01831039,0,1
1335,23.57576,0,0,0,-0.9999412,0,0.01084291,0,1
1336,23.5792,0,0,0,-0.9983786,0,0.05692232,0,1
1337,23.58371,0,0,0,-0.9971425,0,0.07554366,0,1
1338,23.58906,0,0,0,-0.9946152,0,0.1036371,0,1
1339,23.59496,0,0,0,-0.9929888,0,0.118209,0,1
1340,23.57683,0,0,0,-0.7946172,0,-0.6071108,0,1
1341,23.56155,0,0,0,-0.8081008,0,-0.5890442,0,1
1342,23.54569,0,0,0,-0.8137057,0,-0.581277,0,1
1343,23.52864,0,0,0,-0.8203269,0,-0.5718949,0,1
1344,23.51317,0,0,0,-0.8219784,0,-0.5695186,0,1
1345,23.49795,0,0,0,-0.8224995,0,-0.5687658,0,1
1346,23.48254,0,0,0,-0.8230628,0,-0.5679502,0,1
1347,23.45084,0,0,0,-0.1813899,0,-0.9834113,0,1
1348,23.42318,0,0,0,-0.1813995,0,-0.9834095,0,1
1349,23.39356,0,0,0,-0.1813915,0,-0.983411,0,1
1350,23.36249,0,0,0,-0.1823854,0,-0.9832271,0,1
1351,23.33326,0,0,0,-0.1823745,0,-0.9832292,0,1
1352,23.30388,0,0,0,-0.1823876,0,-0.9832267,0,1
1353,23.27207,0,0,0,-0.1813587,0,-0.983417,0,1
1354,23.24408,0,0,0,-0.1813745,0,-0.9834141,0,1
1355,23.2113,0,0,0,-0.1792816,0,-0.9837978,0,1
1356,23.18191,0,0,0,-0.1736756,0,-0.9848029,0,1
1357,23.15236,0,0,0,-0.1708603,0,-0.9852952,0,1
1358,23.12185,0,0,0,-0.1679419,0,-0.9857969,0,1
1359,23.0931,0,0,0,-0.1633742,0,-0.9865642,0,1
1360,23.06152,0,0,0,-0.1613718,0,-0.9868937,0,1
1361,23.03152,0,0,0,-0.1575607,0,-0.9875093,0,1
1362,22.99988,0,0,0,-0.1555384,0,-0.9878299,0,1
1363,22.97149,0,0,0,-0.1546445,0,-0.9879702,0,1
1364,22.94167,0,0,0,-0.1499109,0,-0.9886996,0,1
1365,22.91049,0,0,0,-0.1479256,0,-0.9889985,0,1
1366,22.88077,0,0,0,-0.1450961,0,-0.9894176,0,1
1367,22.85184,0,0,0,-0.1405099,0,-0.9900793,0,1
1368,22.82067,0,0,0,-0.1375313,0,-0.9904975,0,1
1369,22.78997,0,0,0,-0.13267,0,-0.9911603,0,1
1370,22.76026,0,0,0,-0.1307813,0,-0.9914113,0,1
1371,22.73001,0,0,0,-0.1288609,0,-0.9916627,0,1
1372,22.69957,0,0,0,-0.1250043,0,-0.9921562,0,1
1373,22.66886,0,0,0,-0.124029,0,-0.9922786,0,1
1374,22.63947,0,0,0,-0.1212331,0,-0.992624,0,1
1375,22.60833,0,0,0,-0.1192588,0,-0.9928632,0,1
1376,22.57727,0,0,0,-0.1182737,0,-0.992981,0,1
1377,22.54868,0,0,0,-0.1164572,0,-0.9931957,0,1
1378,22.51688,0,0,0,-0.1144474,0,-0.9934292,0,1
1379,22.48695,0,0,0,-0.1125487,0,-0.9936462,0,1
1380,22.45532,0,0,0,-0.1075402,0,-0.9942008,0,1
1381,22.4256,0,0,0,-0.1047083,0,-0.994503,0,1
1382,22.39639,0,0,0,-0.1000938,0,-0.994978,0,1
1383,22.36471,0,0,0,-0.09808362,0,-0.9951782,0,1
1384,22.33497,0,0,0,-0.0962037,0,-0.9953617,0,1
1385,22.30325,0,0,0,-0.09218591,0,-0.9957418,0,1
1386,22.27345,0,0,0,-0.09124346,0,-0.9958286,0,1
1387,22.24355,0,0,0,-0.08840524,0,-0.9960846,0,1
1388,22.21247,0,0,0,-0.08742426,0,-0.9961712,0,1
1389,22.18197,0,0,0,-0.08549111,0,-0.9963389,0,1
1390,22.15105,0,0,0,-0.08256354,0,-0.9965858,0,1
1391,22.12081,0,0,0,-0.08064566,0,-0.9967428,0,1
1392,22.08914,0,0,0,-0.07564615,0,-0.9971347,0,1
1393,22.05692,0,0,0,-0.07258537,0,-0.9973622,0,1
1394,22.02713,0,0,0,-0.06976536,0,-0.9975634,0,1
1395,21.99927,0,0,0,-0.06448647,0,-0.9979186,0,1
1396,21.96511,0,0,0,-0.06017331,0,-0.998188,0,1
1397,21.9355,0,0,0,-0.05457065,0,-0.9985099,0,1
1398,21.90339,0,0,0,-0.05254173,0,-0.9986188,0,1
1399,21.87552,0,0,0,-0.05078365,0,-0.9987097,0,1
1400,21.84497,0,0,0,-0.04982106,0,-0.9987581,0,1
1401,21.81278,0,0,0,-0.04982124,0,-0.9987581,0,1
1402,21.78489,0,0,0,-0.04981844,0,-0.9987583,0,1
1403,21.7529,0,0,0,-0.04881312,0,-0.9988079,0,1
1404,21.72367,0,0,0,-0.04881017,0,-0.9988081,0,1
1405,21.68896,0,0,0,-0.04881113,0,-0.998808,0,1
1406,21.66213,0,0,0,-0.04881471,0,-0.9988078,0,1
1407,21.63173,0,0,0,-0.04880983,0,-0.9988081,0,1
1408,21.59843,0,0,0,-0.04881253,0,-0.9988079,0,1
1409,21.56877,0,0,0,-0.0488118,0,-0.998808,0,1
1410,21.53974,0,0,0,-0.04880982,0,-0.9988081,0,1
1411,21.50649,0,0,0,-0.04881137,0,-0.998808,0,1
1412,21.47666,0,0,0,-0.04881218,0,-0.998808,0,1
1413,21.44778,0,0,0,-0.04880949,0,-0.9988081,0,1
1414,21.41461,0,0,0,-0.04881302,0,-0.998808,0,1
1415,21.38558,0,0,0,-0.04881019,0,-0.9988081,0,1
1416,21.35231,0,0,0,-0.04881101,0,-0.998808,0,1
1417,21.32436,0,0,0,-0.04881434,0,-0.9988078,0,1
1418,21.2944,0,0,0,-0.04881151,0,-0.998808,0,1
1419,21.25831,0,0,0,-0.04881104,0,-0.998808,0,1
1420,21.23246,0,0,0,-0.04881014,0,-0.9988081,0,1
1421,21.20225,0,0,0,-0.04881211,0,-0.998808,0,1
1422,21.16839,0,0,0,-0.04880974,0,-0.9988081,0,1
1423,21.14042,0,0,0,-0.04881456,0,-0.9988078,0,1
1424,21.11029,0,0,0,-0.04880882,0,-0.9988081,0,1
1425,21.07683,0,0,0,-0.04881252,0,-0.998808,0,1
1426,21.04711,0,0,0,-0.0488128,0,-0.998808,0,1
1427,21.01829,0,0,0,-0.04881133,0,-0.998808,0,1
1428,20.98737,0,0,0,-0.04881126,0,-0.998808,0,1
1429,20.95412,0,0,0,-0.04881068,0,-0.998808,0,1
1430,20.92543,0,0,0,-0.04881139,0,-0.998808,0,1
1431,20.89547,0,0,0,-0.04881244,0,-0.998808,0,1
1432,20.86143,0,0,0,-0.04881168,0,-0.998808,0,1
1433,20.83237,0,0,0,-0.04881123,0,-0.998808,0,1
1434,20.80358,0,0,0,-0.04881112,0,-0.998808,0,1
1435,20.7697,0,0,0,-0.04881186,0,-0.998808,0,1
1436,20.74171,0,0,0,-0.04880929,0,-0.9988081,0,1
1437,20.71141,0,0,0,-0.04881075,0,-0.998808,0,1
1438,20.6782,0,0,0,-0.04881347,0,-0.998808,0,1
1439,20.64817,0,0,0,-0.04786328,0,-0.9988539,0,1
1440,20.61405,0,0,0,-0.04678471,0,-0.998905,0,1
1441,20.58556,0,0,0,-0.0422869,0,-0.9991055,0,1
1442,20.55603,0,0,0,-0.03949251,0,-0.9992198,0,1
1443,20.52323,0,0,0,-0.03742028,0,-0.9992996,0,1
1444,20.49578,0,0,0,-0.033957,0,-0.9994233,0,1
1445,20.46413,0,0,0,-0.03295941,0,-0.9994567,0,1
1446,20.42951,0,0,0,-0.03077513,0,-0.9995263,0,1
1447,20.40222,0,0,0,-0.0299142,0,-0.9995524,0,1
1448,20.37371,0,0,0,-0.02991447,0,-0.9995525,0,1
1449,20.3382,0,0,0,-0.02543663,0,-0.9996764,0,1
1450,20.31095,0,0,0,-0.02371958,0,-0.9997186,0,1
1451,20.28001,0,0,0,-0.02079374,0,-0.9997838,0,1
1452,20.24902,0,0,0,-0.01493863,0,-0.9998884,0,1
1453,20.21605,0,0,0,-0.01182461,0,-0.9999301,0,1
1454,20.18815,0,0,0,-0.007434578,0,-0.9999723,0,1
1455,20.15616,0,0,0,-0.004414876,0,-0.9999903,0,1
1456,20.12143,0,0,0,0.00213582,0,-0.9999978,0,1
1457,20.09379,0,0,0,0.00561112,0,-0.9999842,0,1
1458,20.06398,0,0,0,0.01122979,0,-0.9999369,0,1
1459,20.03147,0,0,0,0.01735354,0,-0.9998494,0,1
1460,20.00228,0,0,0,0.01826937,0,-0.999833,0,1
1461,19.96604,0,0,0,0.02281683,0,-0.9997397,0,1
1462,19.93934,0,0,0,0.02533106,0,-0.9996791,0,1
1463,19.90972,0,0,0,0.02811598,0,-0.9996046,0,1
1464,19.87496,0,0,0,0.03574169,0,-0.9993611,0,1
1465,19.84725,0,0,0,0.04007907,0,-0.9991965,0,1
1466,19.81823,0,0,0,0.0455339,0,-0.9989628,0,1
1467,19.78472,0,0,0,0.06333456,0,-0.9979923,0,1
1468,19.75465,0,0,0,0.07178348,0,-0.9974202,0,1
1469,19.72535,0,0,0,0.08001274,0,-0.9967938,0,1
1470,19.69201,0,0,0,0.1007806,0,-0.9949086,0,1
1471,19.66281,0,0,0,0.1071391,0,-0.994244,0,1
1472,19.63183,0,0,0,0.1186892,0,-0.9929315,0,1
1473,19.5989,0,0,0,0.1238039,0,-0.9923066,0,1
1474,19.5701,0,0,0,0.1273777,0,-0.9918543,0,1
1475,19.53931,0,0,0,0.1369294,0,-0.9905808,0,1
1476,19.50825,0,0,0,0.143661,0,-0.989627,0,1
1477,19.47451,0,0,0,0.1551576,0,-0.9878898,0,1
1478,19.44569,0,0,0,0.1605055,0,-0.9870349,0,1
1479,19.41507,0,0,0,0.1661775,0,-0.9860958,0,1
1480,19.38179,0,0,0,0.1805722,0,-0.9835617,0,1
1481,19.35305,0,0,0,0.1858979,0,-0.9825691,0,1
1482,19.31969,0,0,0,0.1992617,0,-0.9799464,0,1
1483,19.29124,0,0,0,0.2027646,0,-0.9792275,0,1
1484,19.29124,0,0,0,0,0,0,0,1
1485,19.29124,0,0,0,0,0,0,0,1
1486,19.29124,0,0,0,0,0,0,0,1
1487,19.29124,0,0,0,0,0,0,0,1
1488,19.29124,0,0,0,0,0,0,0,1
1489,19.29124,0,0,0,0,0,0,0,1
1490,19.29124,0,0,0,0,0,0,0,1
1491,19.29124,0,0,0,0,0,0,0,1
1492,19.29124,0,0,0,0,0,0,0,1
1493,19.29124,0,0,0,0,0,0,0,1
1494,19.29124,0,0,0,0,0,0,0,1
1495,19.29124,0,0,0,0,0,0,0,1
1496,19.29124,0,0,0,0,0,0,0,1
1497,19.29124,0,0,0,0,0,0,0,1
1498,19.29124,0,0,0,0,0,0,0,1
1499,19.29124,0,0,0,0,0,0,0,1
1500,19.29124,0,0,0,0,0,0,0,1
1501,19.29124,0,0,0,0,0,0,0,1
1502,19.29124,0,0,0,0,0,0,0,1
1503,19.29124,0,0,0,0,0,0,0,1
1504,19.29124,0,0,0,0,0,0,0,1
1505,19.29124,0,0,0,0,0,0,0,1
1506,19.29124,0,0,0,0,0,0,0,1
1507,19.29124,0,0,0,0,0,0,0,1
1508,19.29124,0,0,0,0,0,0,0,1
1509,19.29124,0,0,0,0,0,0,0,1
1510,19.29124,0,0,0,0,0,0,0,1
1511,19.29124,0,0,0,0,0,0,0,1
1512,19.29124,0,0,0,0,0,0,0,1
1513,19.29124,0,0,0,0,0,0,0,1
1514,19.29124,0,0,0,0,0,0,0,1
1515,19.29124,0,0,0,0,0,0,0,1
1516,19.29124,0,0,0,0,0,0,0,1
1517,19.29124,0,0,0,0,0,0,0,1
1518,19.29124,0,0,0,0,0,0,0,1
1519,19.29124,0,0,0,0,0,0,0,1
1520,19.29124,0,0,0,0,0,0,0,1
1521,19.29124,0,0,0,0,0,0,0,1
1522,19.29124,0,0,0,0,0,0,0,1
1523,19.29124,0,0,0,0,0,0,0,1
1524,19.29124,0,0,0,0,0,0,0,1
1525,19.29124,0,0,0,0,0,0,0,1
1526,19.29124,0,0,0,0,0,0,0,1
1527,19.29124,0,0,0,0,0,0,0,1
1528,19.29124,0,0,0,0,0,0,0,1
1529,19.29124,0,0,0,0,0,0,0,1
1530,19.29124,0,0,0,0,0,0,0,1
1531,19.29124,0,0,0,0,0,0,0,1
1532,19.29124,0,0,0,0,0,0,0,1
1533,19.29124,0,0,0,0,0,0,0,1
1534,19.29124,0,0,0,0,0,0,0,1
1535,19.29124,0,0,0,0,0,0,0,1
1536,19.29124,0,0,0,0,0,0,0,1
1537,19.29124,0,0,0,0,0,0,0,1
1538,19.29124,0,0,0,0,0,0,0,1
1539,19.29124,0,0,0,0,0,0,0,1
1540,19.29124,0,0,0,0,0,0,0,1
1541,19.29124,0,0,0,0,0,0,0,1
1542,19.29124,0,0,0,0,0,0,0,1
1543,19.29124,0,0,0,0,0,0,0,1
1544,19.29124,0,0,0,0,0,0,0,1
1545,19.29124,0,0,0,0,0,0,0,1
1546,19.29124,0,0,0,0,0,0,0,1
1547,19.29124,0,0,0,0,0,0,0,1
1548,19.29124,0,0,0,0,0,0,0,1
1549,19.29124,0,0,0,0,0,0,0,1
1550,19.29124,0,0,0,0,0,0,0,1
1551,19.29124,0,0,0,0,0,0,0,1
1552,19.29124,0,0,0,0,0,0,0,1
1553,19.29124,0,0,0,0,0,0,0,1
1554,19.29124,0,0,0,0,0,0,0,1
1555,19.29124,0,0,0,0,0,0,0,1
1556,19.29124,0,0,0,0,0,0,0,1
1557,19.29124,0,0,0,0,0,0,0,1
1558,19.29124,0,0,0,0,0,0,0,1
1559,19.29124,0,0,0,0,0,0,0,1
1560,19.29124,0,0,0,0,0,0,0,1
1561,19.29124,0,0,0,0,0,0,0,1
1562,19.29124,0,0,0,0,0,0,0,1
1563,19.29124,0,0,0,0,0,0,0,1
1564,19.29124,0,0,0,0,0,0,0,1
1565,19.29124,0,0,0,0,0,0,0,1
1566,19.29124,0,0,0,0,0,0,0,1
1567,19.29124,0,0,0,0,0,0,0,1
1568,19.29124,0,0,0,0,0,0,0,1
1569,19.29124,0,0,0,0,0,0,0,1
1570,19.29124,0,0,0,0,0,0,0,1
1571,19.29124,0,0,0,0,0,0,0,1
1572,19.29124,0,0,0,0,0,0,0,1
1573,19.29124,0,0,0,0,0,0,0,1
1574,19.29124,0,0,0,0,0,0,0,1
1575,19.29124,0,0,0,0,0,0,0,1
1576,19.29124,0,0,0,0,0,0,0,1
1577,19.29124,0,0,0,0,0,0,0,1
1578,19.29124,0,0,0,0,0,0,0,1
1579,19.29124,0,0,0,0,0,0,0,1
1580,19.29124,0,0,0,0,0,0,0,1
1581,19.29124,0,0,0,0,0,0,0,1
1582,19.29124,0,0,0,0,0,0,0,1
1583,19.29124,0,0,0,0,0,0,0,1
1584,19.29124,0,0,0,0,0,0,0,1
1585,19.29124,0,0,0,0,0,0,0,1
1586,19.29124,0,0,0,0,0,0,0,1
1587,19.29124,0,0,0,0,0,0,0,1
1588,19.29124,0,0,0,0,0,0,0,1
1589,19.29124,0,0,0,0,0,0,0,1
1590,19.29124,0,0,0,0,0,0,0,1
1591,19.29124,0,0,0,0,0,0,0,1
1592,19.29124,0,0,0,0,0,0,0,1
1593,19.29124,0,0,0,0,0,0,0,1
1594,19.29124,0,0,0,0,0,0,0,1
1595,19.29124,0,0,0,0,0,0,0,1
1596,19.29124,0,0,0,0,0,0,0,1
1597,19.29124,0,0,0,0,0,0,0,1
1598,19.29124,0,0,0,0,0,0,0,1
1599,19.29124,0,0,0,0,0,0,0,1
1600,19.29124,0,0,0,0,0,0,0,1
1601,19.29124,0,0,0,0,0,0,0,1
1602,19.29124,0,0,0,0,0,0,0,1
1603,19.29124,0,0,0,0,0,0,0,1
1604,19.29124,0,0,0,0,0,0,0,1
1605,19.29124,0,0,0,0,0,0,0,1
1606,19.29124,0,0,0,0,0,0,0,1
1607,19.29124,0,0,0,0,0,0,0,1
1608,19.29124,0,0,0,0,0,0,0,1
1609,19.29124,0,0,0,0,0,0,0,1
1610,19.29124,0,0,0,0,0,0,0,1
1611,19.29124,0,0,0,0,0,0,0,1
1612,19.29124,0,0,0,0,0,0,0,1
1613,19.29124,0,0,0,0,0,0,0,1
1614,19.29124,0,0,0,0,0,0,0,1
1615,19.29124,0,0,0,0,0,0,0,1
1616,19.29124,0,0,0,0,0,0,0,1
1617,19.29124,0,0,0,0,0,0,0,1
1618,19.29124,0,0,0,0,0,0,0,1
1619,19.29124,0,0,0,0,0,0,0,1
1620,19.29124,0,0,0,0,0,0,0,1
1621,19.29124,0,0,0,0,0,0,0,1
1622,19.29124,0,0,0,0,0,0,0,1
1623,19.29124,0,0,0,0,0,0,0,1
1624,19.29124,0,0,0,0,0,0,0,1
1625,19.29124,0,0,0,0,0,0,0,1
1626,19.29124,0,0,0,0,0,0,0,1
1627,19.29124,0,0,0,0,0,0,0,1
1628,19.29124,0,0,0,0,0,0,0,1
1629,19.29124,0,0,0,0,0,0,0,1
1630,19.29124,0,0,0,0,0,0,0,1
1631,19.29124,0,0,0,0,0,0,0,1
1632,19.29124,0,0,0,0,0,0,0,1
1633,19.29124,0,0,0,0,0,0,0,1
1634,19.29124,0,0,0,0,0,0,0,1
1635,19.29124,0,0,0,0,0,0,0,1
1636,19.29124,0,0,0,0,0,0,0,1
1637,19.29124,0,0,0,0,0,0,0,1
1638,19.29124,0,0,0,0,0,0,0,1
1639,19.29124,0,0,0,0,0,0,0,1
1640,19.29124,0,0,0,0,0,0,0,1
1641,19.29124,0,0,0,0,0,0,0,1
1642,19.29124,0,0,0,0,0,0,0,1
1643,19.29124,0,0,0,0,0,0,0,1
1644,19.29124,0,0,0,0,0,0,0,1
1645,19.29124,0,0,0,0,0,0,0,1
1646,19.29124,0,0,0,0,0,0,0,1
1647,19.29124,0,0,0,0,0,0,0,1
1648,19.29124,0,0,0,0,0,0,0,1
1649,19.29124,0,0,0,0,0,0,0,1
1650,19.29124,0,0,0,0,0,0,0,1
1651,19.29124,0,0,0,0,0,0,0,1
1652,19.29124,0,0,0,0,0,0,0,1
1653,19.29124,0,0,0,0,0,0,0,1
1654,19.29124,0,0,0,0,0,0,0,1
1655,19.29124,0,0,0,0,0,0,0,1
1656,19.29124,0,0,0,0,0,0,0,1
1657,19.29124,0,0,0,0,0,0,0,1
1658,19.29124,0,0,0,0,0,0,0,1
1659,19.29124,0,0,0,0,0,0,0,1
1660,19.29124,0,0,0,0,0,0,0,1
1661,19.29124,0,0,0,0,0,0,0,1
1662,19.29124,0,0,0,0,0,0,0,1
1663,19.29124,0,0,0,0,0,0,0,1
1664,19.29124,0,0,0,0,0,0,0,1
1665,19.29124,0,0,0,0,0,0,0,1
1666,19.29124,0,0,0,0,0,0,0,1
1667,19.29124,0,0,0,0,0,0,0,1
1668,19.29124,0,0,0,0,0,0,0,1
1669,19.29124,0,0,0,0,0,0,0,1
1670,19.29124,0,0,0,0,0,0,0,1
1671,19.29124,0,0,0,0,0,0,0,1
1672,19.29124,0,0,0,0,0,0,0,1
1673,19.29124,0,0,0,0,0,0,0,1
1674,19.29124,0,0,0,0,0,0,0,1
1675,19.29124,0,0,0,0,0,0,0,1
1676,19.29124,0,0,0,0,0,0,0,1
1677,19.29124,0,0,0,0,0,0,0,1
1678,19.29124,0,0,0,0,0,0,0,1
1679,19.29124,0,0,0,0,0,0,0,1
1680,19.29124,0,0,0,0,0,0,0,1
1681,19.29124,0,0,0,0,0,0,0,1
1682,19.29124,0,0,0,0,0,0,0,1
1683,19.29124,0,0,0,0,0,0,0,1
1684,19.29124,0,0,0,0,0,0,0,1
1685,19.29124,0,0,0,0,0,0,0,1
1686,19.29124,0,0,0,0,0,0,0,1
1687,19.29124,0,0,0,0,0,0,0,1
1688,19.29124,0,0,0,0,0,0,0,1
1689,19.29124,0,0,0,0,0,0,0,1
